ts,session,tag,run,status,fw_tag,cpu_mhz,flash_hz,flash_mode,model_banner,head_mb,psram_free_kb,temp_start,temp_end,tokens,seconds,tok_per_s,ms_per_tok,ms_input,ms_attn,ms_ffn,ms_ple,ms_head,ms_residual
2026-08-09T21:27:32,verify,ple-d64-s0,1,OK,v3-sram-actq,240,80000000,0,model: V=4096 D=128 L=6 H=4 F=415 P=64  (mapped 15.6 MB),0.54,4476,33.3,36.3,200,22.78,8.78,113.4,2.9,39.0,53.4,5.9,12.3,-0.100
2026-08-09T21:29:58,A,ple-d32-s0@cpu240,1,OK,v3-sram-actq,240,80000000,0,model: V=4096 D=128 L=6 H=4 F=447 P=32  (mapped 15.6 MB),0.54,4478,33.3,36.3,200,22.53,8.88,112.2,1.5,37.6,57.5,3.3,12.3,0.000
2026-08-09T21:30:25,A,ple-d32-s0@cpu240,2,OK,v3-sram-actq,240,80000000,0,model: V=4096 D=128 L=6 H=4 F=447 P=32  (mapped 15.6 MB),0.54,4478,34.3,36.3,200,22.53,8.88,112.2,1.5,37.6,57.5,3.3,12.3,0.000
2026-08-09T21:30:51,A,ple-d32-s0@cpu240,3,OK,v3-sram-actq,240,80000000,0,model: V=4096 D=128 L=6 H=4 F=447 P=32  (mapped 15.6 MB),0.54,4478,35.3,37.3,200,22.53,8.88,112.2,1.5,37.6,57.5,3.3,12.3,0.000
2026-08-09T21:31:17,A,ple-d32-s0@cpu240,4,OK,v3-sram-actq,240,80000000,0,model: V=4096 D=128 L=6 H=4 F=447 P=32  (mapped 15.6 MB),0.54,4478,35.3,37.3,200,22.53,8.88,112.2,1.5,37.6,57.5,3.3,12.3,0.000
2026-08-09T21:31:43,A,ple-d32-s0@cpu240,5,OK,v3-sram-actq,240,80000000,0,model: V=4096 D=128 L=6 H=4 F=447 P=32  (mapped 15.6 MB),0.54,4478,36.3,37.3,200,22.53,8.88,112.2,1.5,37.6,57.5,3.3,12.3,0.000
2026-08-09T21:32:39,A,ple-d64-s0@cpu240,1,OK,v3-sram-actq,240,80000000,0,model: V=4096 D=128 L=6 H=4 F=415 P=64  (mapped 15.6 MB),0.54,4476,34.3,36.3,200,22.78,8.78,113.4,2.9,39.0,53.4,5.9,12.3,-0.100
2026-08-09T21:33:06,A,ple-d64-s0@cpu240,2,OK,v3-sram-actq,240,80000000,0,model: V=4096 D=128 L=6 H=4 F=415 P=64  (mapped 15.6 MB),0.54,4476,35.3,36.3,200,22.78,8.78,113.4,2.9,39.0,53.4,5.9,12.3,-0.100
2026-08-09T21:33:32,A,ple-d64-s0@cpu240,3,OK,v3-sram-actq,240,80000000,0,model: V=4096 D=128 L=6 H=4 F=415 P=64  (mapped 15.6 MB),0.54,4476,35.3,37.3,200,22.78,8.78,113.4,2.9,39.0,53.4,5.9,12.3,-0.100
2026-08-09T21:33:59,A,ple-d64-s0@cpu240,4,OK,v3-sram-actq,240,80000000,0,model: V=4096 D=128 L=6 H=4 F=415 P=64  (mapped 15.6 MB),0.54,4476,36.3,37.3,200,22.78,8.78,113.4,2.9,39.0,53.4,5.9,12.3,-0.100
2026-08-09T21:34:25,A,ple-d64-s0@cpu240,5,OK,v3-sram-actq,240,80000000,0,model: V=4096 D=128 L=6 H=4 F=415 P=64  (mapped 15.6 MB),0.54,4476,36.3,37.3,200,22.79,8.78,113.4,2.9,39.0,53.4,5.9,12.3,-0.100
2026-08-09T21:35:32,A,ple-d128-s0@cpu240,1,OK,v3-sram-actq,240,80000000,0,model: V=4096 D=128 L=6 H=4 F=351 P=128  (mapped 15.6 MB),0.54,4473,34.3,36.3,200,22.66,8.83,112.8,5.6,38.8,45.0,11.0,12.3,0.100
2026-08-09T21:35:59,A,ple-d128-s0@cpu240,2,OK,v3-sram-actq,240,80000000,0,model: V=4096 D=128 L=6 H=4 F=351 P=128  (mapped 15.6 MB),0.54,4473,35.3,37.3,200,22.58,8.86,112.4,5.6,38.6,45.0,11.0,12.2,0.000
2026-08-09T21:36:25,A,ple-d128-s0@cpu240,3,OK,v3-sram-actq,240,80000000,0,model: V=4096 D=128 L=6 H=4 F=351 P=128  (mapped 15.6 MB),0.54,4473,35.3,37.3,200,22.66,8.83,112.8,5.6,38.8,45.0,11.0,12.3,0.100
2026-08-09T21:36:51,A,ple-d128-s0@cpu240,4,OK,v3-sram-actq,240,80000000,0,model: V=4096 D=128 L=6 H=4 F=351 P=128  (mapped 15.6 MB),0.54,4473,36.3,37.3,200,22.66,8.83,112.8,5.6,38.8,45.0,11.0,12.3,0.100
2026-08-09T21:37:18,A,ple-d128-s0@cpu240,5,OK,v3-sram-actq,240,80000000,0,model: V=4096 D=128 L=6 H=4 F=351 P=128  (mapped 15.6 MB),0.54,4473,36.3,37.3,200,22.66,8.83,112.8,5.6,38.8,45.0,11.0,12.3,0.100
2026-08-09T21:38:47,A,ple-d256-s0@cpu240,1,OK,v3-sram-actq,240,80000000,0,model: V=4096 D=128 L=6 H=4 F=223 P=256  (mapped 15.6 MB),0.54,4465,34.3,36.3,200,22.71,8.81,113.1,11.0,39.0,28.8,21.8,12.5,0.000
2026-08-09T21:39:13,A,ple-d256-s0@cpu240,2,OK,v3-sram-actq,240,80000000,0,model: V=4096 D=128 L=6 H=4 F=223 P=256  (mapped 15.6 MB),0.54,4465,35.3,37.3,200,22.63,8.84,112.7,11.0,38.7,28.8,21.8,12.4,0.000
2026-08-09T21:39:40,A,ple-d256-s0@cpu240,3,OK,v3-sram-actq,240,80000000,0,model: V=4096 D=128 L=6 H=4 F=223 P=256  (mapped 15.6 MB),0.54,4465,35.3,37.3,200,22.63,8.84,112.7,11.0,38.7,28.8,21.8,12.4,0.000
2026-08-09T21:40:06,A,ple-d256-s0@cpu240,4,OK,v3-sram-actq,240,80000000,0,model: V=4096 D=128 L=6 H=4 F=223 P=256  (mapped 15.6 MB),0.54,4465,36.3,37.3,200,22.71,8.81,113.1,11.0,39.0,28.8,21.8,12.5,0.000
2026-08-09T21:40:32,A,ple-d256-s0@cpu240,5,OK,v3-sram-actq,240,80000000,0,model: V=4096 D=128 L=6 H=4 F=223 P=256  (mapped 15.6 MB),0.54,4465,36.3,37.3,200,22.71,8.81,113.1,11.0,39.0,28.8,21.8,12.5,0.000
2026-08-09T21:41:19,A,ple-c1M-s0@cpu240,1,OK,v3-sram-actq,240,80000000,0,model: V=4096 D=128 L=6 H=4 F=198 P=64  (mapped 15.6 MB),0.54,4479,35.3,37.3,200,16.92,11.82,84.1,2.9,37.4,25.7,5.8,12.3,0.000
2026-08-09T21:41:40,A,ple-c1M-s0@cpu240,2,OK,v3-sram-actq,240,80000000,0,model: V=4096 D=128 L=6 H=4 F=198 P=64  (mapped 15.6 MB),0.54,4479,35.3,37.3,200,16.84,11.88,83.7,2.9,37.1,25.6,5.8,12.2,0.100
2026-08-09T21:42:00,A,ple-c1M-s0@cpu240,3,OK,v3-sram-actq,240,80000000,0,model: V=4096 D=128 L=6 H=4 F=198 P=64  (mapped 15.6 MB),0.54,4479,36.3,37.3,200,16.92,11.82,84.1,2.9,37.4,25.7,5.8,12.3,0.000
2026-08-09T21:42:21,A,ple-c1M-s0@cpu240,4,OK,v3-sram-actq,240,80000000,0,model: V=4096 D=128 L=6 H=4 F=198 P=64  (mapped 15.6 MB),0.54,4479,36.3,37.3,200,16.92,11.82,84.1,2.9,37.4,25.7,5.8,12.3,0.000
2026-08-09T21:42:41,A,ple-c1M-s0@cpu240,5,OK,v3-sram-actq,240,80000000,0,model: V=4096 D=128 L=6 H=4 F=198 P=64  (mapped 15.6 MB),0.54,4479,36.3,37.3,200,16.92,11.82,84.1,2.9,37.4,25.7,5.8,12.3,0.000
2026-08-09T21:43:47,A,ple-c2M-s0@cpu240,1,OK,v3-sram-actq,240,80000000,0,model: V=4096 D=128 L=6 H=4 F=632 P=64  (mapped 15.6 MB),0.54,4474,35.3,37.3,200,28.24,7.08,140.7,2.9,38.8,80.9,5.8,12.3,-0.000
2026-08-09T21:44:19,A,ple-c2M-s0@cpu240,2,OK,v3-sram-actq,240,80000000,0,model: V=4096 D=128 L=6 H=4 F=632 P=64  (mapped 15.6 MB),0.54,4474,36.3,37.3,200,28.24,7.08,140.7,2.9,38.8,80.9,5.8,12.3,-0.000
2026-08-09T21:44:51,A,ple-c2M-s0@cpu240,3,OK,v3-sram-actq,240,80000000,0,model: V=4096 D=128 L=6 H=4 F=632 P=64  (mapped 15.6 MB),0.54,4474,36.3,37.3,200,28.24,7.08,140.7,2.9,38.8,80.9,5.8,12.3,-0.000
2026-08-09T21:45:23,A,ple-c2M-s0@cpu240,4,OK,v3-sram-actq,240,80000000,0,model: V=4096 D=128 L=6 H=4 F=632 P=64  (mapped 15.6 MB),0.54,4474,36.3,37.3,200,28.24,7.08,140.7,2.9,38.8,80.9,5.8,12.3,-0.000
2026-08-09T21:45:55,A,ple-c2M-s0@cpu240,5,OK,v3-sram-actq,240,80000000,0,model: V=4096 D=128 L=6 H=4 F=632 P=64  (mapped 15.6 MB),0.54,4474,36.3,37.3,200,28.15,7.10,140.3,2.9,38.5,80.8,5.8,12.2,0.100
2026-08-09T21:47:19,A,ple-c3M-s0@cpu240,1,OK,v3-sram-actq,240,80000000,0,model: V=4096 D=128 L=6 H=4 F=1066 P=64  (mapped 15.6 MB),0.54,4469,34.3,37.3,200,39.42,5.07,196.6,2.9,38.8,136.8,5.8,12.3,-0.000
2026-08-09T21:48:02,A,ple-c3M-s0@cpu240,2,OK,v3-sram-actq,240,80000000,0,model: V=4096 D=128 L=6 H=4 F=1066 P=64  (mapped 15.6 MB),0.54,4469,36.3,37.3,200,39.42,5.07,196.6,2.9,38.8,136.8,5.8,12.3,-0.000
2026-08-09T21:48:46,A,ple-c3M-s0@cpu240,3,OK,v3-sram-actq,240,80000000,0,model: V=4096 D=128 L=6 H=4 F=1066 P=64  (mapped 15.6 MB),0.54,4469,36.3,38.3,200,39.34,5.08,196.2,2.9,38.6,136.7,5.8,12.2,0.000
2026-08-09T21:49:29,A,ple-c3M-s0@cpu240,4,OK,v3-sram-actq,240,80000000,0,model: V=4096 D=128 L=6 H=4 F=1066 P=64  (mapped 15.6 MB),0.54,4469,36.3,38.3,200,39.42,5.07,196.6,2.9,38.8,136.8,5.8,12.3,-0.000
2026-08-09T21:50:13,A,ple-c3M-s0@cpu240,5,OK,v3-sram-actq,240,80000000,0,model: V=4096 D=128 L=6 H=4 F=1066 P=64  (mapped 15.6 MB),0.54,4469,36.3,38.3,200,39.42,5.07,196.6,2.9,38.8,136.8,5.8,12.3,-0.000
2026-08-09T21:51:04,A,ple-L4-s0@cpu240,1,OK,v3-sram-actq,240,80000000,0,model: V=4096 D=128 L=4 H=4 F=740 P=64  (mapped 15.6 MB),0.54,5498,35.3,37.3,200,21.57,9.27,107.3,2.0,26.0,63.2,3.9,12.3,-0.100
2026-08-09T21:51:29,A,ple-L4-s0@cpu240,2,OK,v3-sram-actq,240,80000000,0,model: V=4096 D=128 L=4 H=4 F=740 P=64  (mapped 15.6 MB),0.54,5498,36.3,37.3,200,21.50,9.30,107.0,2.0,25.8,63.2,3.9,12.2,-0.100
2026-08-09T21:51:54,A,ple-L4-s0@cpu240,3,OK,v3-sram-actq,240,80000000,0,model: V=4096 D=128 L=4 H=4 F=740 P=64  (mapped 15.6 MB),0.54,5498,36.3,37.3,200,21.56,9.27,107.3,2.0,26.0,63.2,3.9,12.3,-0.100
2026-08-09T21:52:20,A,ple-L4-s0@cpu240,4,OK,v3-sram-actq,240,80000000,0,model: V=4096 D=128 L=4 H=4 F=740 P=64  (mapped 15.6 MB),0.54,5498,36.3,37.3,200,21.57,9.27,107.3,2.0,26.0,63.2,3.9,12.3,-0.100
2026-08-09T21:52:45,A,ple-L4-s0@cpu240,5,OK,v3-sram-actq,240,80000000,0,model: V=4096 D=128 L=4 H=4 F=740 P=64  (mapped 15.6 MB),0.54,5498,36.3,37.3,200,21.57,9.27,107.3,2.0,26.0,63.2,3.9,12.3,-0.100
2026-08-09T21:53:46,A,ple-L8-s0@cpu240,1,OK,v3-sram-actq,240,80000000,0,model: V=4096 D=128 L=8 H=4 F=252 P=64  (mapped 15.6 MB),0.54,3389,35.3,37.3,200,23.75,8.42,118.3,3.8,51.4,43.1,7.8,12.2,0.000
2026-08-09T21:54:14,A,ple-L8-s0@cpu240,2,OK,v3-sram-actq,240,80000000,0,model: V=4096 D=128 L=8 H=4 F=252 P=64  (mapped 15.6 MB),0.54,3389,35.3,37.3,200,23.75,8.42,118.3,3.8,51.4,43.1,7.8,12.2,0.000
2026-08-09T21:54:41,A,ple-L8-s0@cpu240,3,OK,v3-sram-actq,240,80000000,0,model: V=4096 D=128 L=8 H=4 F=252 P=64  (mapped 15.6 MB),0.54,3389,36.3,37.3,200,23.85,8.39,118.7,3.8,51.7,43.1,7.8,12.3,0.000
2026-08-09T21:55:09,A,ple-L8-s0@cpu240,4,OK,v3-sram-actq,240,80000000,0,model: V=4096 D=128 L=8 H=4 F=252 P=64  (mapped 15.6 MB),0.54,3389,36.3,37.3,200,23.85,8.39,118.7,3.8,51.7,43.1,7.8,12.3,0.000
2026-08-09T21:55:36,A,ple-L8-s0@cpu240,5,OK,v3-sram-actq,240,80000000,0,model: V=4096 D=128 L=8 H=4 F=252 P=64  (mapped 15.6 MB),0.54,3389,36.3,37.3,200,23.85,8.39,118.7,3.8,51.7,43.1,7.8,12.3,0.000
2026-08-09T21:56:31,A,ple-D96-s0@cpu240,1,OK,v3-sram-actq,240,80000000,0,model: V=4096 D=96 L=6 H=4 F=674 P=64  (mapped 15.6 MB),0.41,5378,35.3,37.3,200,22.05,9.07,109.7,2.3,26.2,67.3,4.5,9.4,0.000
2026-08-09T21:56:57,A,ple-D96-s0@cpu240,2,OK,v3-sram-actq,240,80000000,0,model: V=4096 D=96 L=6 H=4 F=674 P=64  (mapped 15.6 MB),0.41,5378,36.3,37.3,200,22.05,9.07,109.7,2.3,26.2,67.4,4.5,9.4,-0.100
2026-08-09T21:57:22,A,ple-D96-s0@cpu240,3,OK,v3-sram-actq,240,80000000,0,model: V=4096 D=96 L=6 H=4 F=674 P=64  (mapped 15.6 MB),0.41,5378,36.3,37.3,200,22.05,9.07,109.7,2.3,26.2,67.4,4.5,9.4,-0.100
2026-08-09T21:57:48,A,ple-D96-s0@cpu240,4,OK,v3-sram-actq,240,80000000,0,model: V=4096 D=96 L=6 H=4 F=674 P=64  (mapped 15.6 MB),0.41,5378,36.3,37.3,200,21.98,9.10,109.4,2.3,26.0,67.3,4.5,9.3,0.000
2026-08-09T21:58:14,A,ple-D96-s0@cpu240,5,OK,v3-sram-actq,240,80000000,0,model: V=4096 D=96 L=6 H=4 F=674 P=64  (mapped 15.6 MB),0.41,5378,36.3,37.3,200,22.05,9.07,109.7,2.3,26.2,67.3,4.5,9.4,0.000
2026-08-09T21:59:14,A,ple-D160-s0@cpu240,1,OK,v3-sram-actq,240,80000000,0,model: V=4096 D=160 L=6 H=4 F=242 P=64  (mapped 15.6 MB),0.67,3582,34.3,37.3,200,24.19,8.27,120.4,3.7,54.9,39.3,7.3,15.2,0.000
2026-08-09T21:59:42,A,ple-D160-s0@cpu240,2,OK,v3-sram-actq,240,80000000,0,model: V=4096 D=160 L=6 H=4 F=242 P=64  (mapped 15.6 MB),0.67,3582,36.3,37.3,200,24.19,8.27,120.4,3.7,54.9,39.3,7.3,15.2,0.000
2026-08-09T22:00:09,A,ple-D160-s0@cpu240,3,OK,v3-sram-actq,240,80000000,0,model: V=4096 D=160 L=6 H=4 F=242 P=64  (mapped 15.6 MB),0.67,3582,36.3,37.3,200,24.19,8.27,120.4,3.7,54.9,39.3,7.3,15.2,0.000
2026-08-09T22:00:37,A,ple-D160-s0@cpu240,4,OK,v3-sram-actq,240,80000000,0,model: V=4096 D=160 L=6 H=4 F=242 P=64  (mapped 15.6 MB),0.67,3582,36.3,37.3,200,24.19,8.27,120.4,3.7,54.9,39.3,7.3,15.2,0.000
2026-08-09T22:01:05,A,ple-D160-s0@cpu240,5,OK,v3-sram-actq,240,80000000,0,model: V=4096 D=160 L=6 H=4 F=242 P=64  (mapped 15.6 MB),0.67,3582,36.3,37.3,200,24.19,8.27,120.4,3.7,54.9,39.3,7.3,15.2,0.000
2026-08-09T22:03:02,A,ple-d32-s0@cpu160,1,OK,v3-sram-actq,160,80000000,0,model: V=4096 D=128 L=6 H=4 F=447 P=32  (mapped 15.6 MB),0.54,4478,34.3,36.3,200,31.43,6.36,156.5,2.1,50.7,82.2,4.6,16.8,0.100
2026-08-09T22:03:37,A,ple-d32-s0@cpu160,2,OK,v3-sram-actq,160,80000000,0,model: V=4096 D=128 L=6 H=4 F=447 P=32  (mapped 15.6 MB),0.54,4478,34.3,36.3,200,31.43,6.36,156.5,2.1,50.7,82.2,4.6,16.8,0.100
2026-08-09T22:04:12,A,ple-d32-s0@cpu160,3,OK,v3-sram-actq,160,80000000,0,model: V=4096 D=128 L=6 H=4 F=447 P=32  (mapped 15.6 MB),0.54,4478,34.3,36.3,200,31.37,6.38,156.2,2.1,50.5,82.2,4.6,16.8,-0.000
2026-08-09T22:04:48,A,ple-d32-s0@cpu160,4,OK,v3-sram-actq,160,80000000,0,model: V=4096 D=128 L=6 H=4 F=447 P=32  (mapped 15.6 MB),0.54,4478,35.3,36.3,200,31.43,6.36,156.5,2.1,50.7,82.2,4.6,16.8,0.100
2026-08-09T22:05:23,A,ple-d32-s0@cpu160,5,OK,v3-sram-actq,160,80000000,0,model: V=4096 D=128 L=6 H=4 F=447 P=32  (mapped 15.6 MB),0.54,4478,35.3,36.3,200,31.43,6.36,156.5,2.1,50.7,82.2,4.6,16.8,0.100
2026-08-09T22:06:28,A,ple-d64-s0@cpu160,1,OK,v3-sram-actq,160,80000000,0,model: V=4096 D=128 L=6 H=4 F=415 P=64  (mapped 15.6 MB),0.54,4476,34.3,36.3,200,31.68,6.31,157.8,4.0,52.1,76.4,8.3,16.9,0.100
2026-08-09T22:07:04,A,ple-d64-s0@cpu160,2,OK,v3-sram-actq,160,80000000,0,model: V=4096 D=128 L=6 H=4 F=415 P=64  (mapped 15.6 MB),0.54,4476,35.3,36.3,200,31.68,6.31,157.8,4.0,52.1,76.4,8.3,16.9,0.100
2026-08-09T22:07:39,A,ple-d64-s0@cpu160,3,OK,v3-sram-actq,160,80000000,0,model: V=4096 D=128 L=6 H=4 F=415 P=64  (mapped 15.6 MB),0.54,4476,35.3,36.3,200,31.68,6.31,157.8,4.0,52.1,76.4,8.3,16.9,0.100
2026-08-09T22:08:15,A,ple-d64-s0@cpu160,4,OK,v3-sram-actq,160,80000000,0,model: V=4096 D=128 L=6 H=4 F=415 P=64  (mapped 15.6 MB),0.54,4476,35.3,36.3,200,31.61,6.33,157.4,4.0,51.9,76.4,8.3,16.8,0.000
2026-08-09T22:08:51,A,ple-d64-s0@cpu160,5,OK,v3-sram-actq,160,80000000,0,model: V=4096 D=128 L=6 H=4 F=415 P=64  (mapped 15.6 MB),0.54,4476,35.3,36.3,200,31.68,6.31,157.8,4.0,52.1,76.4,8.3,16.9,0.100
2026-08-09T22:10:06,A,ple-d128-s0@cpu160,1,OK,v3-sram-actq,160,80000000,0,model: V=4096 D=128 L=6 H=4 F=351 P=128  (mapped 15.6 MB),0.54,4473,34.3,36.3,200,31.51,6.35,157.0,7.9,52.0,64.5,15.7,16.9,0.000
2026-08-09T22:10:42,A,ple-d128-s0@cpu160,2,OK,v3-sram-actq,160,80000000,0,model: V=4096 D=128 L=6 H=4 F=351 P=128  (mapped 15.6 MB),0.54,4473,34.3,36.3,200,31.51,6.35,157.0,7.9,52.0,64.5,15.7,16.9,0.000
2026-08-09T22:11:17,A,ple-d128-s0@cpu160,3,OK,v3-sram-actq,160,80000000,0,model: V=4096 D=128 L=6 H=4 F=351 P=128  (mapped 15.6 MB),0.54,4473,35.3,36.3,200,31.51,6.35,157.0,7.9,52.0,64.5,15.7,16.9,0.000
2026-08-09T22:11:53,A,ple-d128-s0@cpu160,4,OK,v3-sram-actq,160,80000000,0,model: V=4096 D=128 L=6 H=4 F=351 P=128  (mapped 15.6 MB),0.54,4473,35.3,36.3,200,31.51,6.35,157.0,7.9,52.0,64.5,15.7,16.9,0.000
2026-08-09T22:12:28,A,ple-d128-s0@cpu160,5,OK,v3-sram-actq,160,80000000,0,model: V=4096 D=128 L=6 H=4 F=351 P=128  (mapped 15.6 MB),0.54,4473,35.3,36.3,200,31.51,6.35,157.0,7.9,52.0,64.5,15.7,16.9,0.000
2026-08-09T22:14:07,A,ple-d256-s0@cpu160,1,OK,v3-sram-actq,160,80000000,0,model: V=4096 D=128 L=6 H=4 F=223 P=256  (mapped 15.6 MB),0.54,4465,33.3,35.3,200,31.53,6.34,157.0,15.6,52.1,41.2,31.2,16.9,0.000
2026-08-09T22:14:42,A,ple-d256-s0@cpu160,2,OK,v3-sram-actq,160,80000000,0,model: V=4096 D=128 L=6 H=4 F=223 P=256  (mapped 15.6 MB),0.54,4465,34.3,36.3,200,31.47,6.36,156.7,15.6,51.9,41.2,31.2,16.9,-0.100
2026-08-09T22:15:17,A,ple-d256-s0@cpu160,3,OK,v3-sram-actq,160,80000000,0,model: V=4096 D=128 L=6 H=4 F=223 P=256  (mapped 15.6 MB),0.54,4465,34.3,36.3,200,31.47,6.36,156.7,15.6,51.9,41.2,31.2,16.9,-0.100
2026-08-09T22:15:53,A,ple-d256-s0@cpu160,4,OK,v3-sram-actq,160,80000000,0,model: V=4096 D=128 L=6 H=4 F=223 P=256  (mapped 15.6 MB),0.54,4465,35.3,36.3,200,31.53,6.34,157.0,15.6,52.1,41.2,31.2,16.9,0.000
2026-08-09T22:16:28,A,ple-d256-s0@cpu160,5,OK,v3-sram-actq,160,80000000,0,model: V=4096 D=128 L=6 H=4 F=223 P=256  (mapped 15.6 MB),0.54,4465,35.3,36.3,200,31.53,6.34,157.0,15.6,52.1,41.2,31.2,16.9,0.000
2026-08-09T22:17:22,A,ple-c1M-s0@cpu160,1,OK,v3-sram-actq,160,80000000,0,model: V=4096 D=128 L=6 H=4 F=198 P=64  (mapped 15.6 MB),0.54,4479,34.3,36.3,200,23.40,8.55,116.4,4.0,50.5,36.7,8.3,16.8,0.100
2026-08-09T22:17:49,A,ple-c1M-s0@cpu160,2,OK,v3-sram-actq,160,80000000,0,model: V=4096 D=128 L=6 H=4 F=198 P=64  (mapped 15.6 MB),0.54,4479,35.3,36.3,200,23.40,8.55,116.4,4.0,50.5,36.7,8.3,16.8,0.100
2026-08-09T22:18:16,A,ple-c1M-s0@cpu160,3,OK,v3-sram-actq,160,80000000,0,model: V=4096 D=128 L=6 H=4 F=198 P=64  (mapped 15.6 MB),0.54,4479,35.3,36.3,200,23.40,8.55,116.4,4.0,50.5,36.7,8.3,16.8,0.100
2026-08-09T22:18:43,A,ple-c1M-s0@cpu160,4,OK,v3-sram-actq,160,80000000,0,model: V=4096 D=128 L=6 H=4 F=198 P=64  (mapped 15.6 MB),0.54,4479,35.3,36.3,200,23.40,8.55,116.4,4.0,50.5,36.7,8.3,16.8,0.100
2026-08-09T22:19:11,A,ple-c1M-s0@cpu160,5,OK,v3-sram-actq,160,80000000,0,model: V=4096 D=128 L=6 H=4 F=198 P=64  (mapped 15.6 MB),0.54,4479,35.3,36.3,200,23.40,8.55,116.4,4.0,50.5,36.7,8.3,16.8,0.100
2026-08-09T22:20:27,A,ple-c2M-s0@cpu160,1,OK,v3-sram-actq,160,80000000,0,model: V=4096 D=128 L=6 H=4 F=632 P=64  (mapped 15.6 MB),0.54,4474,34.3,36.3,200,39.43,5.07,196.5,4.0,51.7,115.7,8.3,16.8,0.000
2026-08-09T22:21:11,A,ple-c2M-s0@cpu160,2,OK,v3-sram-actq,160,80000000,0,model: V=4096 D=128 L=6 H=4 F=632 P=64  (mapped 15.6 MB),0.54,4474,35.3,36.3,200,39.50,5.06,196.9,4.0,51.9,115.8,8.3,16.9,0.000
2026-08-09T22:21:55,A,ple-c2M-s0@cpu160,3,OK,v3-sram-actq,160,80000000,0,model: V=4096 D=128 L=6 H=4 F=632 P=64  (mapped 15.6 MB),0.54,4474,35.3,36.3,200,39.43,5.07,196.5,4.0,51.7,115.7,8.3,16.8,0.000
2026-08-09T22:22:38,A,ple-c2M-s0@cpu160,4,OK,v3-sram-actq,160,80000000,0,model: V=4096 D=128 L=6 H=4 F=632 P=64  (mapped 15.6 MB),0.54,4474,35.3,36.3,200,39.50,5.06,196.9,4.0,51.9,115.8,8.3,16.9,0.000
2026-08-09T22:23:22,A,ple-c2M-s0@cpu160,5,OK,v3-sram-actq,160,80000000,0,model: V=4096 D=128 L=6 H=4 F=632 P=64  (mapped 15.6 MB),0.54,4474,35.3,36.3,200,39.43,5.07,196.5,4.0,51.7,115.7,8.3,16.8,0.000
2026-08-09T22:25:02,A,ple-c3M-s0@cpu160,1,OK,v3-sram-actq,160,80000000,0,model: V=4096 D=128 L=6 H=4 F=1066 P=64  (mapped 15.6 MB),0.54,4469,34.3,36.3,200,55.47,3.61,276.7,4.0,52.0,195.6,8.3,16.9,-0.100
2026-08-09T22:26:02,A,ple-c3M-s0@cpu160,2,OK,v3-sram-actq,160,80000000,0,model: V=4096 D=128 L=6 H=4 F=1066 P=64  (mapped 15.6 MB),0.54,4469,35.3,36.3,200,55.39,3.61,276.4,4.0,51.7,195.5,8.3,16.8,0.100
2026-08-09T22:27:02,A,ple-c3M-s0@cpu160,3,OK,v3-sram-actq,160,80000000,0,model: V=4096 D=128 L=6 H=4 F=1066 P=64  (mapped 15.6 MB),0.54,4469,35.3,36.3,200,55.39,3.61,276.4,4.0,51.7,195.5,8.3,16.8,0.100
2026-08-09T22:28:01,A,ple-c3M-s0@cpu160,4,OK,v3-sram-actq,160,80000000,0,model: V=4096 D=128 L=6 H=4 F=1066 P=64  (mapped 15.6 MB),0.54,4469,35.3,36.3,200,55.47,3.61,276.7,4.0,52.0,195.6,8.3,16.9,-0.100
2026-08-09T22:29:01,A,ple-c3M-s0@cpu160,5,OK,v3-sram-actq,160,80000000,0,model: V=4096 D=128 L=6 H=4 F=1066 P=64  (mapped 15.6 MB),0.54,4469,35.3,36.3,200,55.47,3.61,276.7,4.0,52.0,195.6,8.3,16.9,-0.100
2026-08-09T22:30:01,A,ple-L4-s0@cpu160,1,OK,v3-sram-actq,160,80000000,0,model: V=4096 D=128 L=4 H=4 F=740 P=64  (mapped 15.6 MB),0.54,5498,34.3,36.3,200,30.17,6.63,150.3,2.8,34.7,90.4,5.5,16.9,0.000
2026-08-09T22:30:35,A,ple-L4-s0@cpu160,2,OK,v3-sram-actq,160,80000000,0,model: V=4096 D=128 L=4 H=4 F=740 P=64  (mapped 15.6 MB),0.54,5498,35.3,36.3,200,30.17,6.63,150.3,2.8,34.7,90.4,5.5,16.9,0.000
2026-08-09T22:31:09,A,ple-L4-s0@cpu160,3,OK,v3-sram-actq,160,80000000,0,model: V=4096 D=128 L=4 H=4 F=740 P=64  (mapped 15.6 MB),0.54,5498,35.3,36.3,200,30.17,6.63,150.3,2.8,34.7,90.4,5.5,16.9,0.000
2026-08-09T22:31:43,A,ple-L4-s0@cpu160,4,OK,v3-sram-actq,160,80000000,0,model: V=4096 D=128 L=4 H=4 F=740 P=64  (mapped 15.6 MB),0.54,5498,35.3,36.3,200,30.12,6.64,150.0,2.8,34.5,90.4,5.5,16.8,0.000
2026-08-09T22:32:17,A,ple-L4-s0@cpu160,5,OK,v3-sram-actq,160,80000000,0,model: V=4096 D=128 L=4 H=4 F=740 P=64  (mapped 15.6 MB),0.54,5498,35.3,36.3,200,30.17,6.63,150.3,2.8,34.7,90.4,5.5,16.9,0.000
2026-08-09T22:33:28,A,ple-L8-s0@cpu160,1,OK,v3-sram-actq,160,80000000,0,model: V=4096 D=128 L=8 H=4 F=252 P=64  (mapped 15.6 MB),0.54,3389,34.3,36.3,200,32.97,6.07,164.3,5.3,69.2,61.7,11.1,16.9,0.100
2026-08-09T22:34:05,A,ple-L8-s0@cpu160,2,OK,v3-sram-actq,160,80000000,0,model: V=4096 D=128 L=8 H=4 F=252 P=64  (mapped 15.6 MB),0.54,3389,35.3,36.3,200,32.97,6.07,164.3,5.3,69.2,61.7,11.1,16.9,0.100
2026-08-09T22:34:42,A,ple-L8-s0@cpu160,3,OK,v3-sram-actq,160,80000000,0,model: V=4096 D=128 L=8 H=4 F=252 P=64  (mapped 15.6 MB),0.54,3389,35.3,36.3,200,32.97,6.07,164.3,5.3,69.2,61.7,11.1,16.9,0.100
2026-08-09T22:35:18,A,ple-L8-s0@cpu160,4,OK,v3-sram-actq,160,80000000,0,model: V=4096 D=128 L=8 H=4 F=252 P=64  (mapped 15.6 MB),0.54,3389,35.3,36.3,200,32.97,6.07,164.3,5.3,69.2,61.7,11.1,16.9,0.100
2026-08-09T22:35:55,A,ple-L8-s0@cpu160,5,OK,v3-sram-actq,160,80000000,0,model: V=4096 D=128 L=8 H=4 F=252 P=64  (mapped 15.6 MB),0.54,3389,35.3,36.3,200,32.97,6.07,164.3,5.3,69.2,61.7,11.1,16.9,0.100
2026-08-09T22:36:59,A,ple-D96-s0@cpu160,1,OK,v3-sram-actq,160,80000000,0,model: V=4096 D=96 L=6 H=4 F=674 P=64  (mapped 15.6 MB),0.41,5378,34.3,36.3,200,30.88,6.48,153.8,3.2,34.9,96.5,6.4,12.8,0.000
2026-08-09T22:37:33,A,ple-D96-s0@cpu160,2,OK,v3-sram-actq,160,80000000,0,model: V=4096 D=96 L=6 H=4 F=674 P=64  (mapped 15.6 MB),0.41,5378,34.3,36.3,200,30.82,6.49,153.5,3.2,34.7,96.4,6.4,12.7,0.100
2026-08-09T22:38:08,A,ple-D96-s0@cpu160,3,OK,v3-sram-actq,160,80000000,0,model: V=4096 D=96 L=6 H=4 F=674 P=64  (mapped 15.6 MB),0.41,5378,35.3,36.3,200,30.88,6.48,153.8,3.2,34.9,96.5,6.4,12.8,0.000
2026-08-09T22:38:43,A,ple-D96-s0@cpu160,4,OK,v3-sram-actq,160,80000000,0,model: V=4096 D=96 L=6 H=4 F=674 P=64  (mapped 15.6 MB),0.41,5378,35.3,36.3,200,30.88,6.48,153.8,3.2,34.9,96.5,6.4,12.8,0.000
2026-08-09T22:39:18,A,ple-D96-s0@cpu160,5,OK,v3-sram-actq,160,80000000,0,model: V=4096 D=96 L=6 H=4 F=674 P=64  (mapped 15.6 MB),0.41,5378,35.3,36.3,200,30.82,6.49,153.5,3.2,34.7,96.4,6.4,12.7,0.100
2026-08-09T22:40:26,A,ple-D160-s0@cpu160,1,OK,v3-sram-actq,160,80000000,0,model: V=4096 D=160 L=6 H=4 F=242 P=64  (mapped 15.6 MB),0.67,3582,34.3,36.3,200,33.43,5.98,166.6,5.2,73.8,56.3,10.4,20.8,0.100
2026-08-09T22:41:03,A,ple-D160-s0@cpu160,2,OK,v3-sram-actq,160,80000000,0,model: V=4096 D=160 L=6 H=4 F=242 P=64  (mapped 15.6 MB),0.67,3582,35.3,36.3,200,33.52,5.97,167.0,5.2,74.1,56.3,10.4,20.9,0.100
2026-08-09T22:41:41,A,ple-D160-s0@cpu160,3,OK,v3-sram-actq,160,80000000,0,model: V=4096 D=160 L=6 H=4 F=242 P=64  (mapped 15.6 MB),0.67,3582,35.3,36.3,200,33.52,5.97,167.0,5.2,74.1,56.3,10.4,20.9,0.100
2026-08-09T22:42:18,A,ple-D160-s0@cpu160,4,OK,v3-sram-actq,160,80000000,0,model: V=4096 D=160 L=6 H=4 F=242 P=64  (mapped 15.6 MB),0.67,3582,35.3,36.3,200,33.52,5.97,167.0,5.2,74.1,56.3,10.4,20.9,0.100
2026-08-09T22:42:56,A,ple-D160-s0@cpu160,5,OK,v3-sram-actq,160,80000000,0,model: V=4096 D=160 L=6 H=4 F=242 P=64  (mapped 15.6 MB),0.67,3582,35.3,36.3,200,33.52,5.97,167.0,5.2,74.1,56.3,10.4,20.9,0.100
2026-08-09T22:45:19,A,ple-d32-s0@cpu80,1,OK,v3-sram-actq,80,80000000,0,model: V=4096 D=128 L=6 H=4 F=447 P=32  (mapped 15.6 MB),0.54,4478,33.3,34.3,200,58.63,3.41,292.2,4.0,91.0,157.3,8.8,31.2,-0.100
2026-08-09T22:46:22,A,ple-d32-s0@cpu80,2,OK,v3-sram-actq,80,80000000,0,model: V=4096 D=128 L=6 H=4 F=447 P=32  (mapped 15.6 MB),0.54,4478,33.3,34.3,200,58.72,3.41,292.7,4.0,91.3,157.3,8.8,31.3,0.000
2026-08-09T22:47:25,A,ple-d32-s0@cpu80,3,OK,v3-sram-actq,80,80000000,0,model: V=4096 D=128 L=6 H=4 F=447 P=32  (mapped 15.6 MB),0.54,4478,33.3,34.3,200,58.72,3.41,292.7,4.0,91.3,157.3,8.8,31.3,0.000
2026-08-09T22:48:28,A,ple-d32-s0@cpu80,4,OK,v3-sram-actq,80,80000000,0,model: V=4096 D=128 L=6 H=4 F=447 P=32  (mapped 15.6 MB),0.54,4478,34.3,34.3,200,58.72,3.41,292.7,4.0,91.3,157.3,8.8,31.3,0.000
2026-08-09T22:49:31,A,ple-d32-s0@cpu80,5,OK,v3-sram-actq,80,80000000,0,model: V=4096 D=128 L=6 H=4 F=447 P=32  (mapped 15.6 MB),0.54,4478,33.3,34.3,200,58.72,3.41,292.7,4.0,91.3,157.3,8.8,31.3,0.000
2026-08-09T22:51:04,A,ple-d64-s0@cpu80,1,OK,v3-sram-actq,80,80000000,0,model: V=4096 D=128 L=6 H=4 F=415 P=64  (mapped 15.6 MB),0.54,4476,33.3,34.3,200,58.97,3.39,293.9,7.6,92.8,146.3,15.9,31.3,-0.000
2026-08-09T22:52:08,A,ple-d64-s0@cpu80,2,OK,v3-sram-actq,80,80000000,0,model: V=4096 D=128 L=6 H=4 F=415 P=64  (mapped 15.6 MB),0.54,4476,33.3,34.3,200,58.97,3.39,293.9,7.6,92.8,146.3,15.9,31.3,-0.000
2026-08-09T22:53:11,A,ple-d64-s0@cpu80,3,OK,v3-sram-actq,80,80000000,0,model: V=4096 D=128 L=6 H=4 F=415 P=64  (mapped 15.6 MB),0.54,4476,33.3,34.3,200,58.97,3.39,293.9,7.6,92.8,146.3,15.9,31.3,-0.000
2026-08-09T22:54:14,A,ple-d64-s0@cpu80,4,OK,v3-sram-actq,80,80000000,0,model: V=4096 D=128 L=6 H=4 F=415 P=64  (mapped 15.6 MB),0.54,4476,33.3,34.3,200,58.87,3.40,293.4,7.6,92.4,146.3,15.9,31.2,-0.000
2026-08-09T22:55:18,A,ple-d64-s0@cpu80,5,OK,v3-sram-actq,80,80000000,0,model: V=4096 D=128 L=6 H=4 F=415 P=64  (mapped 15.6 MB),0.54,4476,33.3,34.3,200,58.97,3.39,293.9,7.6,92.8,146.3,15.9,31.3,-0.000
2026-08-09T22:57:01,A,ple-d128-s0@cpu80,1,OK,v3-sram-actq,80,80000000,0,model: V=4096 D=128 L=6 H=4 F=351 P=128  (mapped 15.6 MB),0.54,4473,33.3,34.3,200,58.58,3.41,292.0,15.0,92.3,123.4,30.1,31.2,0.000
2026-08-09T22:58:04,A,ple-d128-s0@cpu80,2,OK,v3-sram-actq,80,80000000,0,model: V=4096 D=128 L=6 H=4 F=351 P=128  (mapped 15.6 MB),0.54,4473,33.3,34.3,200,58.68,3.41,292.5,15.0,92.6,123.4,30.1,31.3,0.100
2026-08-09T22:59:08,A,ple-d128-s0@cpu80,3,OK,v3-sram-actq,80,80000000,0,model: V=4096 D=128 L=6 H=4 F=351 P=128  (mapped 15.6 MB),0.54,4473,33.3,34.3,200,58.68,3.41,292.5,15.0,92.6,123.4,30.1,31.3,0.100
2026-08-09T23:00:11,A,ple-d128-s0@cpu80,4,OK,v3-sram-actq,80,80000000,0,model: V=4096 D=128 L=6 H=4 F=351 P=128  (mapped 15.6 MB),0.54,4473,33.3,34.3,200,58.68,3.41,292.5,15.0,92.6,123.4,30.1,31.3,0.100
2026-08-09T23:01:14,A,ple-d128-s0@cpu80,5,OK,v3-sram-actq,80,80000000,0,model: V=4096 D=128 L=6 H=4 F=351 P=128  (mapped 15.6 MB),0.54,4473,33.3,34.3,200,58.68,3.41,292.5,15.0,92.6,123.4,30.1,31.3,0.100
2026-08-09T23:03:19,A,ple-d256-s0@cpu80,1,OK,v3-sram-actq,80,80000000,0,model: V=4096 D=128 L=6 H=4 F=223 P=256  (mapped 15.6 MB),0.54,4465,33.3,34.3,200,58.63,3.41,292.2,29.7,92.8,78.8,59.6,31.3,0.000
2026-08-09T23:04:22,A,ple-d256-s0@cpu80,2,OK,v3-sram-actq,80,80000000,0,model: V=4096 D=128 L=6 H=4 F=223 P=256  (mapped 15.6 MB),0.54,4465,33.3,34.3,200,58.63,3.41,292.2,29.7,92.8,78.8,59.6,31.3,0.000
2026-08-09T23:05:25,A,ple-d256-s0@cpu80,3,OK,v3-sram-actq,80,80000000,0,model: V=4096 D=128 L=6 H=4 F=223 P=256  (mapped 15.6 MB),0.54,4465,33.3,34.3,200,58.63,3.41,292.2,29.7,92.8,78.8,59.6,31.3,0.000
2026-08-09T23:06:29,A,ple-d256-s0@cpu80,4,OK,v3-sram-actq,80,80000000,0,model: V=4096 D=128 L=6 H=4 F=223 P=256  (mapped 15.6 MB),0.54,4465,34.3,34.3,200,58.63,3.41,292.2,29.7,92.8,78.8,59.6,31.3,0.000
2026-08-09T23:07:32,A,ple-d256-s0@cpu80,5,OK,v3-sram-actq,80,80000000,0,model: V=4096 D=128 L=6 H=4 F=223 P=256  (mapped 15.6 MB),0.54,4465,33.3,34.3,200,58.63,3.41,292.2,29.7,92.8,78.8,59.6,31.3,0.000
2026-08-09T23:08:45,A,ple-c1M-s0@cpu80,1,OK,v3-sram-actq,80,80000000,0,model: V=4096 D=128 L=6 H=4 F=198 P=64  (mapped 15.6 MB),0.54,4479,33.3,34.3,200,43.42,4.61,216.2,7.6,91.1,70.2,15.9,31.3,0.100
2026-08-09T23:09:33,A,ple-c1M-s0@cpu80,2,OK,v3-sram-actq,80,80000000,0,model: V=4096 D=128 L=6 H=4 F=198 P=64  (mapped 15.6 MB),0.54,4479,33.3,34.3,200,43.42,4.61,216.2,7.6,91.1,70.2,15.9,31.3,0.100
2026-08-09T23:10:20,A,ple-c1M-s0@cpu80,3,OK,v3-sram-actq,80,80000000,0,model: V=4096 D=128 L=6 H=4 F=198 P=64  (mapped 15.6 MB),0.54,4479,33.3,34.3,200,43.42,4.61,216.2,7.6,91.1,70.2,15.9,31.3,0.100
2026-08-09T23:11:08,A,ple-c1M-s0@cpu80,4,OK,v3-sram-actq,80,80000000,0,model: V=4096 D=128 L=6 H=4 F=198 P=64  (mapped 15.6 MB),0.54,4479,33.3,34.3,200,43.42,4.61,216.2,7.6,91.1,70.2,15.9,31.3,0.100
2026-08-09T23:11:55,A,ple-c1M-s0@cpu80,5,OK,v3-sram-actq,80,80000000,0,model: V=4096 D=128 L=6 H=4 F=198 P=64  (mapped 15.6 MB),0.54,4479,33.3,34.3,200,43.42,4.61,216.2,7.6,91.1,70.2,15.9,31.3,0.100
2026-08-09T23:13:47,A,ple-c2M-s0@cpu80,1,OK,v3-sram-actq,80,80000000,0,model: V=4096 D=128 L=6 H=4 F=632 P=64  (mapped 15.6 MB),0.54,4474,33.3,34.3,200,73.97,2.70,368.9,7.6,92.6,221.5,15.9,31.3,0.000
2026-08-09T23:15:06,A,ple-c2M-s0@cpu80,2,OK,v3-sram-actq,80,80000000,0,model: V=4096 D=128 L=6 H=4 F=632 P=64  (mapped 15.6 MB),0.54,4474,33.3,34.3,200,73.87,2.71,368.4,7.6,92.3,221.4,15.9,31.2,0.000
2026-08-09T23:16:24,A,ple-c2M-s0@cpu80,3,OK,v3-sram-actq,80,80000000,0,model: V=4096 D=128 L=6 H=4 F=632 P=64  (mapped 15.6 MB),0.54,4474,33.3,34.3,200,73.97,2.70,368.9,7.6,92.6,221.5,15.9,31.3,0.000
2026-08-09T23:17:43,A,ple-c2M-s0@cpu80,4,OK,v3-sram-actq,80,80000000,0,model: V=4096 D=128 L=6 H=4 F=632 P=64  (mapped 15.6 MB),0.54,4474,33.3,34.3,200,73.97,2.70,368.9,7.6,92.6,221.5,15.9,31.3,0.000
2026-08-09T23:19:02,A,ple-c2M-s0@cpu80,5,OK,v3-sram-actq,80,80000000,0,model: V=4096 D=128 L=6 H=4 F=632 P=64  (mapped 15.6 MB),0.54,4474,33.3,34.3,200,73.97,2.70,368.9,7.6,92.6,221.5,15.9,31.3,0.000
2026-08-09T23:21:31,A,ple-c3M-s0@cpu80,1,OK,v3-sram-actq,80,80000000,0,model: V=4096 D=128 L=6 H=4 F=1066 P=64  (mapped 15.6 MB),0.54,4469,33.3,34.3,200,104.47,1.91,521.4,7.6,92.6,373.9,15.9,31.3,0.100
2026-08-09T23:23:21,A,ple-c3M-s0@cpu80,2,OK,v3-sram-actq,80,80000000,0,model: V=4096 D=128 L=6 H=4 F=1066 P=64  (mapped 15.6 MB),0.54,4469,33.3,34.3,200,104.47,1.91,521.4,7.6,92.6,373.9,15.9,31.3,0.100
2026-08-09T23:25:11,A,ple-c3M-s0@cpu80,3,OK,v3-sram-actq,80,80000000,0,model: V=4096 D=128 L=6 H=4 F=1066 P=64  (mapped 15.6 MB),0.54,4469,33.3,34.3,200,104.47,1.91,521.4,7.6,92.6,373.9,15.9,31.3,0.100
2026-08-09T23:27:01,A,ple-c3M-s0@cpu80,4,OK,v3-sram-actq,80,80000000,0,model: V=4096 D=128 L=6 H=4 F=1066 P=64  (mapped 15.6 MB),0.54,4469,33.3,35.3,200,104.36,1.92,520.9,7.6,92.3,373.9,15.9,31.2,0.000
2026-08-09T23:28:51,A,ple-c3M-s0@cpu80,5,OK,v3-sram-actq,80,80000000,0,model: V=4096 D=128 L=6 H=4 F=1066 P=64  (mapped 15.6 MB),0.54,4469,34.3,34.3,200,104.47,1.91,521.4,7.6,92.6,373.9,15.9,31.3,0.100
2026-08-09T23:30:17,A,ple-L4-s0@cpu80,1,OK,v3-sram-actq,80,80000000,0,model: V=4096 D=128 L=4 H=4 F=740 P=64  (mapped 15.6 MB),0.54,5498,33.3,34.3,200,56.56,3.54,281.8,5.2,61.8,172.9,10.6,31.3,0.000
2026-08-09T23:31:18,A,ple-L4-s0@cpu80,2,OK,v3-sram-actq,80,80000000,0,model: V=4096 D=128 L=4 H=4 F=740 P=64  (mapped 15.6 MB),0.54,5498,34.3,34.3,200,56.56,3.54,281.8,5.2,61.8,172.9,10.6,31.3,0.000
2026-08-09T23:32:19,A,ple-L4-s0@cpu80,3,OK,v3-sram-actq,80,80000000,0,model: V=4096 D=128 L=4 H=4 F=740 P=64  (mapped 15.6 MB),0.54,5498,34.3,34.3,200,56.56,3.54,281.8,5.2,61.8,172.9,10.6,31.3,0.000
2026-08-09T23:33:20,A,ple-L4-s0@cpu80,4,OK,v3-sram-actq,80,80000000,0,model: V=4096 D=128 L=4 H=4 F=740 P=64  (mapped 15.6 MB),0.54,5498,34.3,35.3,200,56.56,3.54,281.8,5.2,61.8,172.9,10.6,31.3,0.000
2026-08-09T23:34:21,A,ple-L4-s0@cpu80,5,OK,v3-sram-actq,80,80000000,0,model: V=4096 D=128 L=4 H=4 F=740 P=64  (mapped 15.6 MB),0.54,5498,34.3,34.3,200,56.56,3.54,281.8,5.2,61.8,172.9,10.6,31.3,0.000
2026-08-09T23:36:02,A,ple-L8-s0@cpu80,1,OK,v3-sram-actq,80,80000000,0,model: V=4096 D=128 L=8 H=4 F=252 P=64  (mapped 15.6 MB),0.54,3389,33.3,34.3,200,61.03,3.28,304.2,10.1,123.4,118.2,21.2,31.3,0.000
2026-08-09T23:37:07,A,ple-L8-s0@cpu80,2,OK,v3-sram-actq,80,80000000,0,model: V=4096 D=128 L=8 H=4 F=252 P=64  (mapped 15.6 MB),0.54,3389,34.3,34.3,200,61.03,3.28,304.2,10.1,123.4,118.2,21.2,31.3,0.000
2026-08-09T23:38:13,A,ple-L8-s0@cpu80,3,OK,v3-sram-actq,80,80000000,0,model: V=4096 D=128 L=8 H=4 F=252 P=64  (mapped 15.6 MB),0.54,3389,33.3,34.3,200,61.03,3.28,304.2,10.1,123.4,118.2,21.2,31.3,0.000
2026-08-09T23:39:18,A,ple-L8-s0@cpu80,4,OK,v3-sram-actq,80,80000000,0,model: V=4096 D=128 L=8 H=4 F=252 P=64  (mapped 15.6 MB),0.54,3389,33.3,34.3,200,61.03,3.28,304.2,10.1,123.4,118.2,21.2,31.3,0.000
2026-08-09T23:40:23,A,ple-L8-s0@cpu80,5,OK,v3-sram-actq,80,80000000,0,model: V=4096 D=128 L=8 H=4 F=252 P=64  (mapped 15.6 MB),0.54,3389,34.3,34.3,200,61.03,3.28,304.2,10.1,123.4,118.2,21.2,31.3,0.000
2026-08-09T23:41:55,A,ple-D96-s0@cpu80,1,OK,v3-sram-actq,80,80000000,0,model: V=4096 D=96 L=6 H=4 F=674 P=64  (mapped 15.6 MB),0.41,5378,33.3,34.3,200,57.85,3.46,288.3,6.0,61.8,184.7,12.3,23.6,-0.100
2026-08-09T23:42:57,A,ple-D96-s0@cpu80,2,OK,v3-sram-actq,80,80000000,0,model: V=4096 D=96 L=6 H=4 F=674 P=64  (mapped 15.6 MB),0.41,5378,33.3,34.3,200,57.93,3.45,288.7,6.0,62.0,184.7,12.3,23.7,0.000
2026-08-09T23:43:59,A,ple-D96-s0@cpu80,3,OK,v3-sram-actq,80,80000000,0,model: V=4096 D=96 L=6 H=4 F=674 P=64  (mapped 15.6 MB),0.41,5378,34.3,34.3,200,57.85,3.46,288.3,6.0,61.8,184.7,12.3,23.6,-0.100
2026-08-09T23:45:02,A,ple-D96-s0@cpu80,4,OK,v3-sram-actq,80,80000000,0,model: V=4096 D=96 L=6 H=4 F=674 P=64  (mapped 15.6 MB),0.41,5378,34.3,34.3,200,57.93,3.45,288.7,6.0,62.0,184.7,12.3,23.7,0.000
2026-08-09T23:46:04,A,ple-D96-s0@cpu80,5,OK,v3-sram-actq,80,80000000,0,model: V=4096 D=96 L=6 H=4 F=674 P=64  (mapped 15.6 MB),0.41,5378,34.3,34.3,200,57.85,3.46,288.3,6.0,61.8,184.7,12.3,23.6,-0.100
2026-08-09T23:47:42,A,ple-D160-s0@cpu80,1,OK,v3-sram-actq,80,80000000,0,model: V=4096 D=160 L=6 H=4 F=242 P=64  (mapped 15.6 MB),0.67,3582,33.3,34.3,200,62.13,3.22,309.7,9.8,133.4,107.7,19.9,38.8,0.100
2026-08-09T23:48:48,A,ple-D160-s0@cpu80,2,OK,v3-sram-actq,80,80000000,0,model: V=4096 D=160 L=6 H=4 F=242 P=64  (mapped 15.6 MB),0.67,3582,33.3,34.3,200,62.25,3.21,310.3,9.8,133.8,107.8,19.9,38.9,0.100
2026-08-09T23:49:55,A,ple-D160-s0@cpu80,3,OK,v3-sram-actq,80,80000000,0,model: V=4096 D=160 L=6 H=4 F=242 P=64  (mapped 15.6 MB),0.67,3582,33.3,34.3,200,62.25,3.21,310.3,9.8,133.8,107.8,19.9,38.9,0.100
2026-08-09T23:51:02,A,ple-D160-s0@cpu80,4,OK,v3-sram-actq,80,80000000,0,model: V=4096 D=160 L=6 H=4 F=242 P=64  (mapped 15.6 MB),0.67,3582,34.3,34.3,200,62.25,3.21,310.3,9.8,133.8,107.8,19.9,38.9,0.100
2026-08-09T23:52:09,A,ple-D160-s0@cpu80,5,OK,v3-sram-actq,80,80000000,0,model: V=4096 D=160 L=6 H=4 F=242 P=64  (mapped 15.6 MB),0.67,3582,33.3,34.3,200,62.25,3.21,310.3,9.8,133.8,107.8,19.9,38.9,0.100
2026-08-09T23:58:18,A,ple-c3M-s0@qio80,1,OK,v3-sram-actq,240,80000000,0,model: V=4096 D=128 L=6 H=4 F=1066 P=64  (mapped 15.6 MB),0.54,4469,33.3,36.3,200,39.34,5.08,196.2,2.9,38.6,136.7,5.8,12.2,0.000
2026-08-09T23:59:02,A,ple-c3M-s0@qio80,2,OK,v3-sram-actq,240,80000000,0,model: V=4096 D=128 L=6 H=4 F=1066 P=64  (mapped 15.6 MB),0.54,4469,35.3,37.3,200,39.34,5.08,196.2,2.9,38.6,136.7,5.8,12.2,0.000
2026-08-09T23:59:45,A,ple-c3M-s0@qio80,3,OK,v3-sram-actq,240,80000000,0,model: V=4096 D=128 L=6 H=4 F=1066 P=64  (mapped 15.6 MB),0.54,4469,36.3,37.3,200,39.42,5.07,196.6,2.9,38.8,136.8,5.8,12.3,-0.000
2026-08-10T00:00:29,A,ple-c3M-s0@qio80,4,OK,v3-sram-actq,240,80000000,0,model: V=4096 D=128 L=6 H=4 F=1066 P=64  (mapped 15.6 MB),0.54,4469,36.3,37.3,200,39.42,5.07,196.6,2.9,38.8,136.8,5.8,12.3,-0.000
2026-08-10T00:01:12,A,ple-c3M-s0@qio80,5,OK,v3-sram-actq,240,80000000,0,model: V=4096 D=128 L=6 H=4 F=1066 P=64  (mapped 15.6 MB),0.54,4469,36.3,37.3,200,39.42,5.07,196.6,2.9,38.8,136.8,5.8,12.3,-0.000
2026-08-10T00:02:42,A,ple-d256-s0@qio80,1,OK,v3-sram-actq,240,80000000,0,model: V=4096 D=128 L=6 H=4 F=223 P=256  (mapped 15.6 MB),0.54,4465,34.3,36.3,200,22.71,8.81,113.1,11.0,39.0,28.8,21.8,12.5,0.000
2026-08-10T00:03:08,A,ple-d256-s0@qio80,2,OK,v3-sram-actq,240,80000000,0,model: V=4096 D=128 L=6 H=4 F=223 P=256  (mapped 15.6 MB),0.54,4465,35.3,37.3,200,22.63,8.84,112.7,11.0,38.7,28.8,21.8,12.4,0.000
2026-08-10T00:03:34,A,ple-d256-s0@qio80,3,OK,v3-sram-actq,240,80000000,0,model: V=4096 D=128 L=6 H=4 F=223 P=256  (mapped 15.6 MB),0.54,4465,36.3,37.3,200,22.71,8.81,113.1,11.0,39.0,28.8,21.8,12.5,0.000
2026-08-10T00:04:01,A,ple-d256-s0@qio80,4,OK,v3-sram-actq,240,80000000,0,model: V=4096 D=128 L=6 H=4 F=223 P=256  (mapped 15.6 MB),0.54,4465,36.3,37.3,200,22.63,8.84,112.7,11.0,38.7,28.8,21.8,12.4,0.000
2026-08-10T00:04:27,A,ple-d256-s0@qio80,5,OK,v3-sram-actq,240,80000000,0,model: V=4096 D=128 L=6 H=4 F=223 P=256  (mapped 15.6 MB),0.54,4465,36.3,37.3,200,22.71,8.81,113.1,11.0,39.0,28.8,21.8,12.5,0.000
2026-08-10T00:06:42,A,ple-c3M-s0@dio80,1,OK,v3-sram-actq,240,80000000,2,model: V=4096 D=128 L=6 H=4 F=1066 P=64  (mapped 15.6 MB),0.54,4469,34.3,37.3,200,41.33,4.84,206.1,3.1,40.0,144.6,6.2,12.3,-0.100
2026-08-10T00:07:28,A,ple-c3M-s0@dio80,2,OK,v3-sram-actq,240,80000000,2,model: V=4096 D=128 L=6 H=4 F=1066 P=64  (mapped 15.6 MB),0.54,4469,36.3,37.3,200,41.42,4.83,206.6,3.1,40.3,144.6,6.3,12.4,-0.100
2026-08-10T00:08:13,A,ple-c3M-s0@dio80,3,OK,v3-sram-actq,240,80000000,2,model: V=4096 D=128 L=6 H=4 F=1066 P=64  (mapped 15.6 MB),0.54,4469,36.3,37.3,200,41.33,4.84,206.1,3.1,40.0,144.6,6.2,12.3,-0.100
2026-08-10T00:08:59,A,ple-c3M-s0@dio80,4,OK,v3-sram-actq,240,80000000,2,model: V=4096 D=128 L=6 H=4 F=1066 P=64  (mapped 15.6 MB),0.54,4469,36.3,38.3,200,41.42,4.83,206.6,3.1,40.3,144.6,6.3,12.4,-0.100
2026-08-10T00:09:44,A,ple-c3M-s0@dio80,5,OK,v3-sram-actq,240,80000000,2,model: V=4096 D=128 L=6 H=4 F=1066 P=64  (mapped 15.6 MB),0.54,4469,36.3,38.3,200,41.33,4.84,206.1,3.1,40.0,144.6,6.2,12.3,-0.100
2026-08-10T00:11:16,A,ple-d256-s0@dio80,1,OK,v3-sram-actq,240,80000000,2,model: V=4096 D=128 L=6 H=4 F=223 P=256  (mapped 15.6 MB),0.54,4465,34.3,37.3,200,23.73,8.43,118.1,11.7,40.3,30.5,23.1,12.5,0.000
2026-08-10T00:11:43,A,ple-d256-s0@dio80,2,OK,v3-sram-actq,240,80000000,2,model: V=4096 D=128 L=6 H=4 F=223 P=256  (mapped 15.6 MB),0.54,4465,35.3,37.3,200,23.64,8.46,117.7,11.7,40.1,30.5,23.1,12.4,-0.100
2026-08-10T00:12:11,A,ple-d256-s0@dio80,3,OK,v3-sram-actq,240,80000000,2,model: V=4096 D=128 L=6 H=4 F=223 P=256  (mapped 15.6 MB),0.54,4465,36.3,37.3,200,23.73,8.43,118.1,11.7,40.3,30.5,23.1,12.5,0.000
2026-08-10T00:12:38,A,ple-d256-s0@dio80,4,OK,v3-sram-actq,240,80000000,2,model: V=4096 D=128 L=6 H=4 F=223 P=256  (mapped 15.6 MB),0.54,4465,36.3,37.3,200,23.64,8.46,117.7,11.7,40.1,30.5,23.1,12.4,-0.100
2026-08-10T00:13:06,A,ple-d256-s0@dio80,5,OK,v3-sram-actq,240,80000000,2,model: V=4096 D=128 L=6 H=4 F=223 P=256  (mapped 15.6 MB),0.54,4465,36.3,37.3,200,23.73,8.43,118.1,11.7,40.3,30.5,23.1,12.5,0.000
2026-08-10T00:19:53,B,ple-d32-s0@cpu240,1,OK,v3-sram-actq,240,80000000,0,model: V=4096 D=128 L=6 H=4 F=447 P=32  (mapped 15.6 MB),0.54,4478,34.3,36.3,200,22.53,8.88,112.2,1.5,37.6,57.5,3.3,12.3,0.000
2026-08-10T00:20:19,B,ple-d32-s0@cpu240,2,OK,v3-sram-actq,240,80000000,0,model: V=4096 D=128 L=6 H=4 F=447 P=32  (mapped 15.6 MB),0.54,4478,35.3,37.3,200,22.53,8.88,112.2,1.5,37.6,57.5,3.3,12.3,0.000
2026-08-10T00:20:45,B,ple-d32-s0@cpu240,3,OK,v3-sram-actq,240,80000000,0,model: V=4096 D=128 L=6 H=4 F=447 P=32  (mapped 15.6 MB),0.54,4478,36.3,37.3,200,22.46,8.91,111.8,1.5,37.4,57.5,3.3,12.2,-0.100
2026-08-10T00:21:12,B,ple-d32-s0@cpu240,4,OK,v3-sram-actq,240,80000000,0,model: V=4096 D=128 L=6 H=4 F=447 P=32  (mapped 15.6 MB),0.54,4478,36.3,37.3,200,22.53,8.88,112.2,1.5,37.6,57.5,3.3,12.3,0.000
2026-08-10T00:21:38,B,ple-d32-s0@cpu240,5,OK,v3-sram-actq,240,80000000,0,model: V=4096 D=128 L=6 H=4 F=447 P=32  (mapped 15.6 MB),0.54,4478,36.3,38.3,200,22.46,8.90,111.8,1.5,37.4,57.5,3.3,12.2,-0.100
2026-08-10T00:22:34,B,ple-d64-s0@cpu240,1,OK,v3-sram-actq,240,80000000,0,model: V=4096 D=128 L=6 H=4 F=415 P=64  (mapped 15.6 MB),0.54,4476,35.3,37.3,200,22.70,8.81,113.0,2.9,38.7,53.4,5.9,12.2,-0.100
2026-08-10T00:23:00,B,ple-d64-s0@cpu240,2,OK,v3-sram-actq,240,80000000,0,model: V=4096 D=128 L=6 H=4 F=415 P=64  (mapped 15.6 MB),0.54,4476,36.3,37.3,200,22.79,8.78,113.4,2.9,39.0,53.4,5.9,12.3,-0.100
2026-08-10T00:23:27,B,ple-d64-s0@cpu240,3,OK,v3-sram-actq,240,80000000,0,model: V=4096 D=128 L=6 H=4 F=415 P=64  (mapped 15.6 MB),0.54,4476,36.3,38.3,200,22.70,8.81,113.0,2.9,38.7,53.4,5.9,12.2,-0.100
2026-08-10T00:23:53,B,ple-d64-s0@cpu240,4,OK,v3-sram-actq,240,80000000,0,model: V=4096 D=128 L=6 H=4 F=415 P=64  (mapped 15.6 MB),0.54,4476,36.3,38.3,200,22.78,8.78,113.4,2.9,39.0,53.4,5.9,12.3,-0.100
2026-08-10T00:24:20,B,ple-d64-s0@cpu240,5,OK,v3-sram-actq,240,80000000,0,model: V=4096 D=128 L=6 H=4 F=415 P=64  (mapped 15.6 MB),0.54,4476,36.3,38.3,200,22.78,8.78,113.4,2.9,39.0,53.4,5.9,12.3,-0.100
2026-08-10T00:25:27,B,ple-d128-s0@cpu240,1,OK,v3-sram-actq,240,80000000,0,model: V=4096 D=128 L=6 H=4 F=351 P=128  (mapped 15.6 MB),0.54,4473,35.3,37.3,200,22.66,8.83,112.8,5.6,38.8,45.0,11.0,12.3,0.100
2026-08-10T00:25:54,B,ple-d128-s0@cpu240,2,OK,v3-sram-actq,240,80000000,0,model: V=4096 D=128 L=6 H=4 F=351 P=128  (mapped 15.6 MB),0.54,4473,36.3,37.3,200,22.66,8.83,112.8,5.6,38.8,45.0,11.0,12.3,0.100
2026-08-10T00:26:20,B,ple-d128-s0@cpu240,3,OK,v3-sram-actq,240,80000000,0,model: V=4096 D=128 L=6 H=4 F=351 P=128  (mapped 15.6 MB),0.54,4473,36.3,37.3,200,22.58,8.86,112.4,5.6,38.6,45.0,11.0,12.2,0.000
2026-08-10T00:26:46,B,ple-d128-s0@cpu240,4,OK,v3-sram-actq,240,80000000,0,model: V=4096 D=128 L=6 H=4 F=351 P=128  (mapped 15.6 MB),0.54,4473,36.3,38.3,200,22.66,8.83,112.8,5.6,38.8,45.0,11.0,12.3,0.100
2026-08-10T00:27:13,B,ple-d128-s0@cpu240,5,OK,v3-sram-actq,240,80000000,0,model: V=4096 D=128 L=6 H=4 F=351 P=128  (mapped 15.6 MB),0.54,4473,36.3,38.3,200,22.66,8.83,112.8,5.6,38.8,45.0,11.0,12.3,0.100
2026-08-10T00:28:42,B,ple-d256-s0@cpu240,1,OK,v3-sram-actq,240,80000000,0,model: V=4096 D=128 L=6 H=4 F=223 P=256  (mapped 15.6 MB),0.54,4465,34.3,37.3,200,22.71,8.81,113.1,11.0,39.0,28.8,21.8,12.5,0.000
2026-08-10T00:29:09,B,ple-d256-s0@cpu240,2,OK,v3-sram-actq,240,80000000,0,model: V=4096 D=128 L=6 H=4 F=223 P=256  (mapped 15.6 MB),0.54,4465,35.3,37.3,200,22.71,8.81,113.1,11.0,39.0,28.8,21.8,12.5,0.000
2026-08-10T00:29:35,B,ple-d256-s0@cpu240,3,OK,v3-sram-actq,240,80000000,0,model: V=4096 D=128 L=6 H=4 F=223 P=256  (mapped 15.6 MB),0.54,4465,36.3,37.3,200,22.71,8.81,113.1,11.0,39.0,28.8,21.8,12.5,0.000
2026-08-10T00:30:02,B,ple-d256-s0@cpu240,4,OK,v3-sram-actq,240,80000000,0,model: V=4096 D=128 L=6 H=4 F=223 P=256  (mapped 15.6 MB),0.54,4465,36.3,38.3,200,22.63,8.84,112.7,11.0,38.7,28.8,21.8,12.4,0.000
2026-08-10T00:30:28,B,ple-d256-s0@cpu240,5,OK,v3-sram-actq,240,80000000,0,model: V=4096 D=128 L=6 H=4 F=223 P=256  (mapped 15.6 MB),0.54,4465,36.3,38.3,200,22.63,8.84,112.7,11.0,38.7,28.8,21.8,12.4,0.000
2026-08-10T00:31:15,B,ple-c1M-s0@cpu240,1,OK,v3-sram-actq,240,80000000,0,model: V=4096 D=128 L=6 H=4 F=198 P=64  (mapped 15.6 MB),0.54,4479,35.3,37.3,200,16.92,11.82,84.1,2.9,37.4,25.7,5.8,12.3,0.000
2026-08-10T00:31:35,B,ple-c1M-s0@cpu240,2,OK,v3-sram-actq,240,80000000,0,model: V=4096 D=128 L=6 H=4 F=198 P=64  (mapped 15.6 MB),0.54,4479,36.3,37.3,200,16.92,11.82,84.1,2.9,37.4,25.7,5.8,12.3,0.000
2026-08-10T00:31:56,B,ple-c1M-s0@cpu240,3,OK,v3-sram-actq,240,80000000,0,model: V=4096 D=128 L=6 H=4 F=198 P=64  (mapped 15.6 MB),0.54,4479,36.3,38.3,200,16.92,11.82,84.1,2.9,37.4,25.7,5.8,12.3,0.000
2026-08-10T00:32:16,B,ple-c1M-s0@cpu240,4,OK,v3-sram-actq,240,80000000,0,model: V=4096 D=128 L=6 H=4 F=198 P=64  (mapped 15.6 MB),0.54,4479,36.3,38.3,200,16.92,11.82,84.1,2.9,37.4,25.7,5.8,12.3,0.000
2026-08-10T00:32:37,B,ple-c1M-s0@cpu240,5,OK,v3-sram-actq,240,80000000,0,model: V=4096 D=128 L=6 H=4 F=198 P=64  (mapped 15.6 MB),0.54,4479,36.3,38.3,200,16.92,11.82,84.1,2.9,37.4,25.7,5.8,12.3,0.000
2026-08-10T00:33:42,B,ple-c2M-s0@cpu240,1,OK,v3-sram-actq,240,80000000,0,model: V=4096 D=128 L=6 H=4 F=632 P=64  (mapped 15.6 MB),0.54,4474,35.3,37.3,200,28.24,7.08,140.7,2.9,38.8,80.9,5.8,12.3,-0.000
2026-08-10T00:34:14,B,ple-c2M-s0@cpu240,2,OK,v3-sram-actq,240,80000000,0,model: V=4096 D=128 L=6 H=4 F=632 P=64  (mapped 15.6 MB),0.54,4474,36.3,38.3,200,28.24,7.08,140.7,2.9,38.8,80.9,5.8,12.3,-0.000
2026-08-10T00:34:46,B,ple-c2M-s0@cpu240,3,OK,v3-sram-actq,240,80000000,0,model: V=4096 D=128 L=6 H=4 F=632 P=64  (mapped 15.6 MB),0.54,4474,36.3,38.3,200,28.15,7.10,140.3,2.9,38.5,80.8,5.8,12.2,0.100
2026-08-10T00:35:18,B,ple-c2M-s0@cpu240,4,OK,v3-sram-actq,240,80000000,0,model: V=4096 D=128 L=6 H=4 F=632 P=64  (mapped 15.6 MB),0.54,4474,36.3,38.3,200,28.24,7.08,140.7,2.9,38.8,80.9,5.8,12.3,-0.000
2026-08-10T00:35:50,B,ple-c2M-s0@cpu240,5,OK,v3-sram-actq,240,80000000,0,model: V=4096 D=128 L=6 H=4 F=632 P=64  (mapped 15.6 MB),0.54,4474,37.3,38.3,200,28.24,7.08,140.7,2.9,38.8,80.9,5.8,12.3,-0.000
2026-08-10T00:37:14,B,ple-c3M-s0@cpu240,1,OK,v3-sram-actq,240,80000000,0,model: V=4096 D=128 L=6 H=4 F=1066 P=64  (mapped 15.6 MB),0.54,4469,36.3,38.3,200,39.42,5.07,196.6,2.9,38.8,136.8,5.8,12.3,-0.000
2026-08-10T00:37:57,B,ple-c3M-s0@cpu240,2,OK,v3-sram-actq,240,80000000,0,model: V=4096 D=128 L=6 H=4 F=1066 P=64  (mapped 15.6 MB),0.54,4469,36.3,38.3,200,39.42,5.07,196.6,2.9,38.8,136.8,5.8,12.3,-0.000
2026-08-10T00:38:41,B,ple-c3M-s0@cpu240,3,OK,v3-sram-actq,240,80000000,0,model: V=4096 D=128 L=6 H=4 F=1066 P=64  (mapped 15.6 MB),0.54,4469,36.3,38.3,200,39.42,5.07,196.6,2.9,38.8,136.8,5.8,12.3,-0.000
2026-08-10T00:39:24,B,ple-c3M-s0@cpu240,4,OK,v3-sram-actq,240,80000000,0,model: V=4096 D=128 L=6 H=4 F=1066 P=64  (mapped 15.6 MB),0.54,4469,37.3,38.3,200,39.34,5.08,196.2,2.9,38.6,136.7,5.8,12.2,0.000
2026-08-10T00:40:08,B,ple-c3M-s0@cpu240,5,OK,v3-sram-actq,240,80000000,0,model: V=4096 D=128 L=6 H=4 F=1066 P=64  (mapped 15.6 MB),0.54,4469,37.3,38.3,200,39.42,5.07,196.6,2.9,38.8,136.8,5.8,12.3,-0.000
2026-08-10T00:40:59,B,ple-L4-s0@cpu240,1,OK,v3-sram-actq,240,80000000,0,model: V=4096 D=128 L=4 H=4 F=740 P=64  (mapped 15.6 MB),0.54,5498,36.3,38.3,200,21.56,9.27,107.3,2.0,26.0,63.2,3.9,12.3,-0.100
2026-08-10T00:41:24,B,ple-L4-s0@cpu240,2,OK,v3-sram-actq,240,80000000,0,model: V=4096 D=128 L=4 H=4 F=740 P=64  (mapped 15.6 MB),0.54,5498,37.3,38.3,200,21.50,9.30,107.0,2.0,25.8,63.2,3.9,12.2,-0.100
2026-08-10T00:41:50,B,ple-L4-s0@cpu240,3,OK,v3-sram-actq,240,80000000,0,model: V=4096 D=128 L=4 H=4 F=740 P=64  (mapped 15.6 MB),0.54,5498,37.3,38.3,200,21.56,9.27,107.3,2.0,26.0,63.2,3.9,12.3,-0.100
2026-08-10T00:42:15,B,ple-L4-s0@cpu240,4,OK,v3-sram-actq,240,80000000,0,model: V=4096 D=128 L=4 H=4 F=740 P=64  (mapped 15.6 MB),0.54,5498,37.3,39.3,200,21.57,9.27,107.3,2.0,26.0,63.2,3.9,12.3,-0.100
2026-08-10T00:42:40,B,ple-L4-s0@cpu240,5,OK,v3-sram-actq,240,80000000,0,model: V=4096 D=128 L=4 H=4 F=740 P=64  (mapped 15.6 MB),0.54,5498,37.3,39.3,200,21.56,9.27,107.3,2.0,26.0,63.2,3.9,12.3,-0.100
2026-08-10T00:43:41,B,ple-L8-s0@cpu240,1,OK,v3-sram-actq,240,80000000,0,model: V=4096 D=128 L=8 H=4 F=252 P=64  (mapped 15.6 MB),0.54,3389,35.3,37.3,200,23.85,8.39,118.7,3.8,51.7,43.1,7.8,12.3,0.000
2026-08-10T00:44:08,B,ple-L8-s0@cpu240,2,OK,v3-sram-actq,240,80000000,0,model: V=4096 D=128 L=8 H=4 F=252 P=64  (mapped 15.6 MB),0.54,3389,36.3,38.3,200,23.85,8.39,118.7,3.8,51.7,43.1,7.8,12.3,0.000
2026-08-10T00:44:36,B,ple-L8-s0@cpu240,3,OK,v3-sram-actq,240,80000000,0,model: V=4096 D=128 L=8 H=4 F=252 P=64  (mapped 15.6 MB),0.54,3389,36.3,38.3,200,23.85,8.39,118.7,3.8,51.7,43.1,7.8,12.3,0.000
2026-08-10T00:45:03,B,ple-L8-s0@cpu240,4,OK,v3-sram-actq,240,80000000,0,model: V=4096 D=128 L=8 H=4 F=252 P=64  (mapped 15.6 MB),0.54,3389,36.3,38.3,200,23.75,8.42,118.3,3.8,51.4,43.1,7.8,12.2,0.000
2026-08-10T00:45:31,B,ple-L8-s0@cpu240,5,OK,v3-sram-actq,240,80000000,0,model: V=4096 D=128 L=8 H=4 F=252 P=64  (mapped 15.6 MB),0.54,3389,36.3,38.3,200,23.75,8.42,118.3,3.8,51.4,43.1,7.8,12.2,0.000
2026-08-10T00:46:25,B,ple-D96-s0@cpu240,1,OK,v3-sram-actq,240,80000000,0,model: V=4096 D=96 L=6 H=4 F=674 P=64  (mapped 15.6 MB),0.41,5378,35.3,37.3,200,21.98,9.10,109.4,2.3,26.0,67.3,4.5,9.3,0.000
2026-08-10T00:46:51,B,ple-D96-s0@cpu240,2,OK,v3-sram-actq,240,80000000,0,model: V=4096 D=96 L=6 H=4 F=674 P=64  (mapped 15.6 MB),0.41,5378,36.3,38.3,200,22.05,9.07,109.7,2.3,26.2,67.4,4.5,9.4,-0.100
2026-08-10T00:47:17,B,ple-D96-s0@cpu240,3,OK,v3-sram-actq,240,80000000,0,model: V=4096 D=96 L=6 H=4 F=674 P=64  (mapped 15.6 MB),0.41,5378,36.3,38.3,200,22.05,9.07,109.7,2.3,26.2,67.3,4.5,9.4,0.000
2026-08-10T00:47:43,B,ple-D96-s0@cpu240,4,OK,v3-sram-actq,240,80000000,0,model: V=4096 D=96 L=6 H=4 F=674 P=64  (mapped 15.6 MB),0.41,5378,36.3,38.3,200,22.05,9.07,109.7,2.3,26.2,67.3,4.5,9.4,0.000
2026-08-10T00:48:08,B,ple-D96-s0@cpu240,5,OK,v3-sram-actq,240,80000000,0,model: V=4096 D=96 L=6 H=4 F=674 P=64  (mapped 15.6 MB),0.41,5378,36.3,38.3,200,21.98,9.10,109.4,2.3,26.0,67.3,4.5,9.3,0.000
2026-08-10T00:49:07,B,ple-D160-s0@cpu240,1,OK,v3-sram-actq,240,80000000,0,model: V=4096 D=160 L=6 H=4 F=242 P=64  (mapped 15.6 MB),0.67,3582,35.3,37.3,200,24.19,8.27,120.4,3.7,54.9,39.3,7.3,15.2,0.000
2026-08-10T00:49:35,B,ple-D160-s0@cpu240,2,OK,v3-sram-actq,240,80000000,0,model: V=4096 D=160 L=6 H=4 F=242 P=64  (mapped 15.6 MB),0.67,3582,36.3,38.3,200,24.09,8.30,120.0,3.7,54.5,39.3,7.3,15.1,0.100
2026-08-10T00:50:03,B,ple-D160-s0@cpu240,3,OK,v3-sram-actq,240,80000000,0,model: V=4096 D=160 L=6 H=4 F=242 P=64  (mapped 15.6 MB),0.67,3582,36.3,38.3,200,24.19,8.27,120.4,3.7,54.9,39.3,7.3,15.2,0.000
2026-08-10T00:50:31,B,ple-D160-s0@cpu240,4,OK,v3-sram-actq,240,80000000,0,model: V=4096 D=160 L=6 H=4 F=242 P=64  (mapped 15.6 MB),0.67,3582,36.3,38.3,200,24.19,8.27,120.4,3.7,54.9,39.3,7.3,15.2,0.000
2026-08-10T00:50:59,B,ple-D160-s0@cpu240,5,OK,v3-sram-actq,240,80000000,0,model: V=4096 D=160 L=6 H=4 F=242 P=64  (mapped 15.6 MB),0.67,3582,37.3,38.3,200,24.19,8.27,120.4,3.7,54.9,39.3,7.3,15.2,0.000
2026-08-10T00:52:21,B,ple-d32-s0@cpu160,1,OK,v3-sram-actq,160,80000000,0,model: V=4096 D=128 L=6 H=4 F=447 P=32  (mapped 15.6 MB),0.54,4478,35.3,36.3,200,31.43,6.36,156.5,2.1,50.7,82.2,4.6,16.8,0.100
2026-08-10T00:52:56,B,ple-d32-s0@cpu160,2,OK,v3-sram-actq,160,80000000,0,model: V=4096 D=128 L=6 H=4 F=447 P=32  (mapped 15.6 MB),0.54,4478,35.3,36.3,200,31.43,6.36,156.5,2.1,50.7,82.2,4.6,16.8,0.100
2026-08-10T00:53:31,B,ple-d32-s0@cpu160,3,OK,v3-sram-actq,160,80000000,0,model: V=4096 D=128 L=6 H=4 F=447 P=32  (mapped 15.6 MB),0.54,4478,35.3,36.3,200,31.43,6.36,156.5,2.1,50.7,82.2,4.6,16.8,0.100
2026-08-10T00:54:07,B,ple-d32-s0@cpu160,4,OK,v3-sram-actq,160,80000000,0,model: V=4096 D=128 L=6 H=4 F=447 P=32  (mapped 15.6 MB),0.54,4478,35.3,36.3,200,31.43,6.36,156.5,2.1,50.7,82.2,4.6,16.8,0.100
2026-08-10T00:54:42,B,ple-d32-s0@cpu160,5,OK,v3-sram-actq,160,80000000,0,model: V=4096 D=128 L=6 H=4 F=447 P=32  (mapped 15.6 MB),0.54,4478,35.3,36.3,200,31.43,6.36,156.5,2.1,50.7,82.2,4.6,16.8,0.100
2026-08-10T00:55:47,B,ple-d64-s0@cpu160,1,OK,v3-sram-actq,160,80000000,0,model: V=4096 D=128 L=6 H=4 F=415 P=64  (mapped 15.6 MB),0.54,4476,34.3,36.3,200,31.68,6.31,157.8,4.0,52.1,76.4,8.3,16.9,0.100
2026-08-10T00:56:22,B,ple-d64-s0@cpu160,2,OK,v3-sram-actq,160,80000000,0,model: V=4096 D=128 L=6 H=4 F=415 P=64  (mapped 15.6 MB),0.54,4476,35.3,36.3,200,31.68,6.31,157.8,4.0,52.1,76.4,8.3,16.9,0.100
2026-08-10T00:56:58,B,ple-d64-s0@cpu160,3,OK,v3-sram-actq,160,80000000,0,model: V=4096 D=128 L=6 H=4 F=415 P=64  (mapped 15.6 MB),0.54,4476,35.3,36.3,200,31.68,6.31,157.8,4.0,52.1,76.4,8.3,16.9,0.100
2026-08-10T00:57:33,B,ple-d64-s0@cpu160,4,OK,v3-sram-actq,160,80000000,0,model: V=4096 D=128 L=6 H=4 F=415 P=64  (mapped 15.6 MB),0.54,4476,35.3,36.3,200,31.68,6.31,157.8,4.0,52.1,76.4,8.3,16.9,0.100
2026-08-10T00:58:09,B,ple-d64-s0@cpu160,5,OK,v3-sram-actq,160,80000000,0,model: V=4096 D=128 L=6 H=4 F=415 P=64  (mapped 15.6 MB),0.54,4476,35.3,36.3,200,31.68,6.31,157.8,4.0,52.1,76.4,8.3,16.9,0.100
2026-08-10T00:59:25,B,ple-d128-s0@cpu160,1,OK,v3-sram-actq,160,80000000,0,model: V=4096 D=128 L=6 H=4 F=351 P=128  (mapped 15.6 MB),0.54,4473,34.3,36.3,200,31.44,6.36,156.6,7.9,51.7,64.5,15.7,16.8,0.000
2026-08-10T01:00:00,B,ple-d128-s0@cpu160,2,OK,v3-sram-actq,160,80000000,0,model: V=4096 D=128 L=6 H=4 F=351 P=128  (mapped 15.6 MB),0.54,4473,35.3,36.3,200,31.51,6.35,157.0,7.9,52.0,64.5,15.7,16.9,0.000
2026-08-10T01:00:35,B,ple-d128-s0@cpu160,3,OK,v3-sram-actq,160,80000000,0,model: V=4096 D=128 L=6 H=4 F=351 P=128  (mapped 15.6 MB),0.54,4473,35.3,36.3,200,31.51,6.35,157.0,7.9,52.0,64.5,15.7,16.9,0.000
2026-08-10T01:01:11,B,ple-d128-s0@cpu160,4,OK,v3-sram-actq,160,80000000,0,model: V=4096 D=128 L=6 H=4 F=351 P=128  (mapped 15.6 MB),0.54,4473,35.3,36.3,200,31.51,6.35,157.0,7.9,52.0,64.5,15.7,16.9,0.000
2026-08-10T01:01:46,B,ple-d128-s0@cpu160,5,OK,v3-sram-actq,160,80000000,0,model: V=4096 D=128 L=6 H=4 F=351 P=128  (mapped 15.6 MB),0.54,4473,35.3,36.3,200,31.45,6.36,156.6,7.9,51.7,64.5,15.7,16.8,0.000
2026-08-10T01:03:25,B,ple-d256-s0@cpu160,1,OK,v3-sram-actq,160,80000000,0,model: V=4096 D=128 L=6 H=4 F=223 P=256  (mapped 15.6 MB),0.54,4465,34.3,36.3,200,31.53,6.34,157.0,15.6,52.1,41.2,31.2,16.9,0.000
2026-08-10T01:04:00,B,ple-d256-s0@cpu160,2,OK,v3-sram-actq,160,80000000,0,model: V=4096 D=128 L=6 H=4 F=223 P=256  (mapped 15.6 MB),0.54,4465,35.3,36.3,200,31.53,6.34,157.0,15.6,52.1,41.2,31.2,16.9,0.000
2026-08-10T01:04:35,B,ple-d256-s0@cpu160,3,OK,v3-sram-actq,160,80000000,0,model: V=4096 D=128 L=6 H=4 F=223 P=256  (mapped 15.6 MB),0.54,4465,36.3,36.3,200,31.53,6.34,157.0,15.6,52.1,41.2,31.2,16.9,0.000
2026-08-10T01:05:11,B,ple-d256-s0@cpu160,4,OK,v3-sram-actq,160,80000000,0,model: V=4096 D=128 L=6 H=4 F=223 P=256  (mapped 15.6 MB),0.54,4465,36.3,37.3,200,31.53,6.34,157.0,15.6,52.1,41.2,31.2,16.9,0.000
2026-08-10T01:05:46,B,ple-d256-s0@cpu160,5,OK,v3-sram-actq,160,80000000,0,model: V=4096 D=128 L=6 H=4 F=223 P=256  (mapped 15.6 MB),0.54,4465,36.3,37.3,200,31.53,6.34,157.0,15.6,52.1,41.2,31.2,16.9,0.000
2026-08-10T01:06:39,B,ple-c1M-s0@cpu160,1,OK,v3-sram-actq,160,80000000,0,model: V=4096 D=128 L=6 H=4 F=198 P=64  (mapped 15.6 MB),0.54,4479,35.3,36.3,200,23.35,8.57,116.1,4.0,50.3,36.7,8.3,16.8,0.000
2026-08-10T01:07:06,B,ple-c1M-s0@cpu160,2,OK,v3-sram-actq,160,80000000,0,model: V=4096 D=128 L=6 H=4 F=198 P=64  (mapped 15.6 MB),0.54,4479,35.3,36.3,200,23.40,8.55,116.4,4.0,50.5,36.7,8.3,16.8,0.100
2026-08-10T01:07:34,B,ple-c1M-s0@cpu160,3,OK,v3-sram-actq,160,80000000,0,model: V=4096 D=128 L=6 H=4 F=198 P=64  (mapped 15.6 MB),0.54,4479,36.3,37.3,200,23.40,8.55,116.4,4.0,50.5,36.7,8.3,16.8,0.100
2026-08-10T01:08:01,B,ple-c1M-s0@cpu160,4,OK,v3-sram-actq,160,80000000,0,model: V=4096 D=128 L=6 H=4 F=198 P=64  (mapped 15.6 MB),0.54,4479,36.3,37.3,200,23.40,8.55,116.4,4.0,50.5,36.7,8.3,16.8,0.100
2026-08-10T01:08:28,B,ple-c1M-s0@cpu160,5,OK,v3-sram-actq,160,80000000,0,model: V=4096 D=128 L=6 H=4 F=198 P=64  (mapped 15.6 MB),0.54,4479,36.3,37.3,200,23.40,8.55,116.4,4.0,50.5,36.7,8.3,16.8,0.100
2026-08-10T01:09:45,B,ple-c2M-s0@cpu160,1,OK,v3-sram-actq,160,80000000,0,model: V=4096 D=128 L=6 H=4 F=632 P=64  (mapped 15.6 MB),0.54,4474,35.3,36.3,200,39.50,5.06,196.9,4.0,51.9,115.8,8.3,16.9,0.000
2026-08-10T01:10:28,B,ple-c2M-s0@cpu160,2,OK,v3-sram-actq,160,80000000,0,model: V=4096 D=128 L=6 H=4 F=632 P=64  (mapped 15.6 MB),0.54,4474,35.3,36.3,200,39.50,5.06,196.9,4.0,51.9,115.8,8.3,16.9,0.000
2026-08-10T01:11:12,B,ple-c2M-s0@cpu160,3,OK,v3-sram-actq,160,80000000,0,model: V=4096 D=128 L=6 H=4 F=632 P=64  (mapped 15.6 MB),0.54,4474,35.3,36.3,200,39.50,5.06,196.9,4.0,51.9,115.8,8.3,16.9,0.000
2026-08-10T01:11:55,B,ple-c2M-s0@cpu160,4,OK,v3-sram-actq,160,80000000,0,model: V=4096 D=128 L=6 H=4 F=632 P=64  (mapped 15.6 MB),0.54,4474,35.3,36.3,200,39.50,5.06,196.9,4.0,51.9,115.8,8.3,16.9,0.000
2026-08-10T01:12:39,B,ple-c2M-s0@cpu160,5,OK,v3-sram-actq,160,80000000,0,model: V=4096 D=128 L=6 H=4 F=632 P=64  (mapped 15.6 MB),0.54,4474,35.3,36.3,200,39.43,5.07,196.5,4.0,51.7,115.7,8.3,16.8,0.000
2026-08-10T01:14:19,B,ple-c3M-s0@cpu160,1,OK,v3-sram-actq,160,80000000,0,model: V=4096 D=128 L=6 H=4 F=1066 P=64  (mapped 15.6 MB),0.54,4469,34.3,36.3,200,55.39,3.61,276.4,4.0,51.7,195.5,8.3,16.8,0.100
2026-08-10T01:15:19,B,ple-c3M-s0@cpu160,2,OK,v3-sram-actq,160,80000000,0,model: V=4096 D=128 L=6 H=4 F=1066 P=64  (mapped 15.6 MB),0.54,4469,35.3,36.3,200,55.47,3.61,276.7,4.0,52.0,195.6,8.3,16.9,-0.100
2026-08-10T01:16:19,B,ple-c3M-s0@cpu160,3,OK,v3-sram-actq,160,80000000,0,model: V=4096 D=128 L=6 H=4 F=1066 P=64  (mapped 15.6 MB),0.54,4469,35.3,36.3,200,55.47,3.61,276.7,4.0,52.0,195.6,8.3,16.9,-0.100
2026-08-10T01:17:19,B,ple-c3M-s0@cpu160,4,OK,v3-sram-actq,160,80000000,0,model: V=4096 D=128 L=6 H=4 F=1066 P=64  (mapped 15.6 MB),0.54,4469,35.3,36.3,200,55.47,3.61,276.7,4.0,52.0,195.6,8.3,16.9,-0.100
2026-08-10T01:18:18,B,ple-c3M-s0@cpu160,5,OK,v3-sram-actq,160,80000000,0,model: V=4096 D=128 L=6 H=4 F=1066 P=64  (mapped 15.6 MB),0.54,4469,35.3,36.3,200,55.47,3.61,276.7,4.0,52.0,195.6,8.3,16.9,-0.100
2026-08-10T01:19:19,B,ple-L4-s0@cpu160,1,OK,v3-sram-actq,160,80000000,0,model: V=4096 D=128 L=4 H=4 F=740 P=64  (mapped 15.6 MB),0.54,5498,35.3,36.3,200,30.17,6.63,150.3,2.8,34.7,90.4,5.5,16.9,0.000
2026-08-10T01:19:53,B,ple-L4-s0@cpu160,2,OK,v3-sram-actq,160,80000000,0,model: V=4096 D=128 L=4 H=4 F=740 P=64  (mapped 15.6 MB),0.54,5498,35.3,36.3,200,30.17,6.63,150.3,2.8,34.7,90.4,5.5,16.9,0.000
2026-08-10T01:20:27,B,ple-L4-s0@cpu160,3,OK,v3-sram-actq,160,80000000,0,model: V=4096 D=128 L=4 H=4 F=740 P=64  (mapped 15.6 MB),0.54,5498,35.3,36.3,200,30.17,6.63,150.3,2.8,34.7,90.4,5.5,16.9,0.000
2026-08-10T01:21:01,B,ple-L4-s0@cpu160,4,OK,v3-sram-actq,160,80000000,0,model: V=4096 D=128 L=4 H=4 F=740 P=64  (mapped 15.6 MB),0.54,5498,36.3,36.3,200,30.17,6.63,150.3,2.8,34.7,90.4,5.5,16.9,0.000
2026-08-10T01:21:35,B,ple-L4-s0@cpu160,5,OK,v3-sram-actq,160,80000000,0,model: V=4096 D=128 L=4 H=4 F=740 P=64  (mapped 15.6 MB),0.54,5498,36.3,36.3,200,30.17,6.63,150.3,2.8,34.7,90.4,5.5,16.9,0.000
2026-08-10T01:22:45,B,ple-L8-s0@cpu160,1,OK,v3-sram-actq,160,80000000,0,model: V=4096 D=128 L=8 H=4 F=252 P=64  (mapped 15.6 MB),0.54,3389,35.3,36.3,200,32.97,6.07,164.3,5.3,69.2,61.7,11.1,16.9,0.100
2026-08-10T01:23:22,B,ple-L8-s0@cpu160,2,OK,v3-sram-actq,160,80000000,0,model: V=4096 D=128 L=8 H=4 F=252 P=64  (mapped 15.6 MB),0.54,3389,35.3,36.3,200,32.89,6.08,163.9,5.3,68.9,61.7,11.1,16.8,0.100
2026-08-10T01:23:59,B,ple-L8-s0@cpu160,3,OK,v3-sram-actq,160,80000000,0,model: V=4096 D=128 L=8 H=4 F=252 P=64  (mapped 15.6 MB),0.54,3389,36.3,36.3,200,32.97,6.07,164.3,5.3,69.2,61.7,11.1,16.9,0.100
2026-08-10T01:24:36,B,ple-L8-s0@cpu160,4,OK,v3-sram-actq,160,80000000,0,model: V=4096 D=128 L=8 H=4 F=252 P=64  (mapped 15.6 MB),0.54,3389,36.3,37.3,200,32.97,6.07,164.3,5.3,69.2,61.7,11.1,16.9,0.100
2026-08-10T01:25:13,B,ple-L8-s0@cpu160,5,OK,v3-sram-actq,160,80000000,0,model: V=4096 D=128 L=8 H=4 F=252 P=64  (mapped 15.6 MB),0.54,3389,36.3,36.3,200,32.89,6.08,163.8,5.3,68.9,61.7,11.1,16.8,0.000
2026-08-10T01:26:16,B,ple-D96-s0@cpu160,1,OK,v3-sram-actq,160,80000000,0,model: V=4096 D=96 L=6 H=4 F=674 P=64  (mapped 15.6 MB),0.41,5378,35.3,36.3,200,30.82,6.49,153.5,3.2,34.7,96.4,6.4,12.7,0.100
2026-08-10T01:26:51,B,ple-D96-s0@cpu160,2,OK,v3-sram-actq,160,80000000,0,model: V=4096 D=96 L=6 H=4 F=674 P=64  (mapped 15.6 MB),0.41,5378,35.3,36.3,200,30.88,6.48,153.8,3.2,34.9,96.4,6.4,12.8,0.100
2026-08-10T01:27:26,B,ple-D96-s0@cpu160,3,OK,v3-sram-actq,160,80000000,0,model: V=4096 D=96 L=6 H=4 F=674 P=64  (mapped 15.6 MB),0.41,5378,35.3,36.3,200,30.88,6.48,153.8,3.2,34.9,96.4,6.4,12.8,0.100
2026-08-10T01:28:01,B,ple-D96-s0@cpu160,4,OK,v3-sram-actq,160,80000000,0,model: V=4096 D=96 L=6 H=4 F=674 P=64  (mapped 15.6 MB),0.41,5378,36.3,36.3,200,30.88,6.48,153.8,3.2,34.9,96.5,6.4,12.8,0.000
2026-08-10T01:28:35,B,ple-D96-s0@cpu160,5,OK,v3-sram-actq,160,80000000,0,model: V=4096 D=96 L=6 H=4 F=674 P=64  (mapped 15.6 MB),0.41,5378,36.3,37.3,200,30.82,6.49,153.5,3.2,34.7,96.4,6.4,12.7,0.100
2026-08-10T01:29:45,B,ple-D160-s0@cpu160,1,OK,v3-sram-actq,160,80000000,0,model: V=4096 D=160 L=6 H=4 F=242 P=64  (mapped 15.6 MB),0.67,3582,35.3,36.3,200,33.52,5.97,167.0,5.2,74.1,56.3,10.4,20.9,0.100
2026-08-10T01:30:22,B,ple-D160-s0@cpu160,2,OK,v3-sram-actq,160,80000000,0,model: V=4096 D=160 L=6 H=4 F=242 P=64  (mapped 15.6 MB),0.67,3582,35.3,36.3,200,33.52,5.97,167.0,5.2,74.1,56.3,10.4,20.9,0.100
2026-08-10T01:31:00,B,ple-D160-s0@cpu160,3,OK,v3-sram-actq,160,80000000,0,model: V=4096 D=160 L=6 H=4 F=242 P=64  (mapped 15.6 MB),0.67,3582,36.3,36.3,200,33.52,5.97,167.0,5.2,74.1,56.3,10.4,20.9,0.100
2026-08-10T01:31:37,B,ple-D160-s0@cpu160,4,OK,v3-sram-actq,160,80000000,0,model: V=4096 D=160 L=6 H=4 F=242 P=64  (mapped 15.6 MB),0.67,3582,36.3,36.3,200,33.52,5.97,167.0,5.2,74.1,56.3,10.4,20.9,0.100
2026-08-10T01:32:15,B,ple-D160-s0@cpu160,5,OK,v3-sram-actq,160,80000000,0,model: V=4096 D=160 L=6 H=4 F=242 P=64  (mapped 15.6 MB),0.67,3582,36.3,36.3,200,33.52,5.97,167.0,5.2,74.1,56.3,10.4,20.9,0.100
2026-08-10T01:34:05,B,ple-d32-s0@cpu80,1,OK,v3-sram-actq,80,80000000,0,model: V=4096 D=128 L=6 H=4 F=447 P=32  (mapped 15.6 MB),0.54,4478,34.3,35.3,200,58.63,3.41,292.2,4.0,91.0,157.3,8.8,31.2,-0.100
2026-08-10T01:35:08,B,ple-d32-s0@cpu80,2,OK,v3-sram-actq,80,80000000,0,model: V=4096 D=128 L=6 H=4 F=447 P=32  (mapped 15.6 MB),0.54,4478,34.3,35.3,200,58.72,3.41,292.7,4.0,91.3,157.3,8.8,31.3,0.000
2026-08-10T01:36:12,B,ple-d32-s0@cpu80,3,OK,v3-sram-actq,80,80000000,0,model: V=4096 D=128 L=6 H=4 F=447 P=32  (mapped 15.6 MB),0.54,4478,34.3,35.3,200,58.63,3.41,292.2,4.0,91.0,157.3,8.8,31.2,-0.100
2026-08-10T01:37:15,B,ple-d32-s0@cpu80,4,OK,v3-sram-actq,80,80000000,0,model: V=4096 D=128 L=6 H=4 F=447 P=32  (mapped 15.6 MB),0.54,4478,34.3,35.3,200,58.72,3.41,292.7,4.0,91.3,157.3,8.8,31.3,0.000
2026-08-10T01:38:18,B,ple-d32-s0@cpu80,5,OK,v3-sram-actq,80,80000000,0,model: V=4096 D=128 L=6 H=4 F=447 P=32  (mapped 15.6 MB),0.54,4478,34.3,35.3,200,58.63,3.41,292.2,4.0,91.0,157.3,8.8,31.2,-0.100
2026-08-10T01:39:51,B,ple-d64-s0@cpu80,1,OK,v3-sram-actq,80,80000000,0,model: V=4096 D=128 L=6 H=4 F=415 P=64  (mapped 15.6 MB),0.54,4476,34.3,35.3,200,58.97,3.39,293.9,7.6,92.8,146.3,15.9,31.3,-0.000
2026-08-10T01:40:54,B,ple-d64-s0@cpu80,2,OK,v3-sram-actq,80,80000000,0,model: V=4096 D=128 L=6 H=4 F=415 P=64  (mapped 15.6 MB),0.54,4476,34.3,35.3,200,58.97,3.39,293.9,7.6,92.8,146.3,15.9,31.3,-0.000
2026-08-10T01:41:58,B,ple-d64-s0@cpu80,3,OK,v3-sram-actq,80,80000000,0,model: V=4096 D=128 L=6 H=4 F=415 P=64  (mapped 15.6 MB),0.54,4476,34.3,35.3,200,58.97,3.39,293.9,7.6,92.8,146.3,15.9,31.3,-0.000
2026-08-10T01:43:01,B,ple-d64-s0@cpu80,4,OK,v3-sram-actq,80,80000000,0,model: V=4096 D=128 L=6 H=4 F=415 P=64  (mapped 15.6 MB),0.54,4476,34.3,35.3,200,58.97,3.39,293.9,7.6,92.8,146.3,15.9,31.3,-0.000
2026-08-10T01:44:04,B,ple-d64-s0@cpu80,5,OK,v3-sram-actq,80,80000000,0,model: V=4096 D=128 L=6 H=4 F=415 P=64  (mapped 15.6 MB),0.54,4476,34.3,35.3,200,58.87,3.40,293.4,7.6,92.4,146.3,15.9,31.2,-0.000
2026-08-10T01:45:49,B,ple-d128-s0@cpu80,1,OK,v3-sram-actq,80,80000000,0,model: V=4096 D=128 L=6 H=4 F=351 P=128  (mapped 15.6 MB),0.54,4473,34.3,35.3,200,58.68,3.41,292.5,15.0,92.6,123.4,30.1,31.3,0.100
2026-08-10T01:46:52,B,ple-d128-s0@cpu80,2,OK,v3-sram-actq,80,80000000,0,model: V=4096 D=128 L=6 H=4 F=351 P=128  (mapped 15.6 MB),0.54,4473,34.3,34.3,200,58.68,3.41,292.5,15.0,92.6,123.4,30.1,31.3,0.100
2026-08-10T01:47:55,B,ple-d128-s0@cpu80,3,OK,v3-sram-actq,80,80000000,0,model: V=4096 D=128 L=6 H=4 F=351 P=128  (mapped 15.6 MB),0.54,4473,34.3,35.3,200,58.58,3.41,292.0,15.0,92.3,123.4,30.1,31.2,0.000
2026-08-10T01:48:58,B,ple-d128-s0@cpu80,4,OK,v3-sram-actq,80,80000000,0,model: V=4096 D=128 L=6 H=4 F=351 P=128  (mapped 15.6 MB),0.54,4473,34.3,35.3,200,58.68,3.41,292.5,15.0,92.6,123.4,30.1,31.3,0.100
2026-08-10T01:50:01,B,ple-d128-s0@cpu80,5,OK,v3-sram-actq,80,80000000,0,model: V=4096 D=128 L=6 H=4 F=351 P=128  (mapped 15.6 MB),0.54,4473,34.3,34.3,200,58.68,3.41,292.5,15.0,92.6,123.4,30.1,31.3,0.100
2026-08-10T01:52:09,B,ple-d256-s0@cpu80,1,OK,v3-sram-actq,80,80000000,0,model: V=4096 D=128 L=6 H=4 F=223 P=256  (mapped 15.6 MB),0.54,4465,33.3,34.3,200,58.63,3.41,292.2,29.7,92.8,78.8,59.6,31.3,0.000
2026-08-10T01:53:12,B,ple-d256-s0@cpu80,2,OK,v3-sram-actq,80,80000000,0,model: V=4096 D=128 L=6 H=4 F=223 P=256  (mapped 15.6 MB),0.54,4465,34.3,34.3,200,58.52,3.42,291.7,29.7,92.4,78.7,59.6,31.2,0.100
2026-08-10T01:54:15,B,ple-d256-s0@cpu80,3,OK,v3-sram-actq,80,80000000,0,model: V=4096 D=128 L=6 H=4 F=223 P=256  (mapped 15.6 MB),0.54,4465,34.3,35.3,200,58.63,3.41,292.2,29.7,92.8,78.8,59.6,31.3,0.000
2026-08-10T01:55:18,B,ple-d256-s0@cpu80,4,OK,v3-sram-actq,80,80000000,0,model: V=4096 D=128 L=6 H=4 F=223 P=256  (mapped 15.6 MB),0.54,4465,34.3,35.3,200,58.63,3.41,292.2,29.7,92.8,78.8,59.6,31.3,0.000
2026-08-10T01:56:22,B,ple-d256-s0@cpu80,5,OK,v3-sram-actq,80,80000000,0,model: V=4096 D=128 L=6 H=4 F=223 P=256  (mapped 15.6 MB),0.54,4465,34.3,35.3,200,58.63,3.41,292.2,29.7,92.8,78.8,59.6,31.3,0.000
2026-08-10T01:57:35,B,ple-c1M-s0@cpu80,1,OK,v3-sram-actq,80,80000000,0,model: V=4096 D=128 L=6 H=4 F=198 P=64  (mapped 15.6 MB),0.54,4479,34.3,34.3,200,43.42,4.61,216.2,7.6,91.1,70.2,15.9,31.3,0.100
2026-08-10T01:58:23,B,ple-c1M-s0@cpu80,2,OK,v3-sram-actq,80,80000000,0,model: V=4096 D=128 L=6 H=4 F=198 P=64  (mapped 15.6 MB),0.54,4479,34.3,35.3,200,43.42,4.61,216.2,7.6,91.1,70.2,15.9,31.3,0.100
2026-08-10T01:59:10,B,ple-c1M-s0@cpu80,3,OK,v3-sram-actq,80,80000000,0,model: V=4096 D=128 L=6 H=4 F=198 P=64  (mapped 15.6 MB),0.54,4479,34.3,35.3,200,43.42,4.61,216.2,7.6,91.1,70.2,15.9,31.3,0.100
2026-08-10T01:59:58,B,ple-c1M-s0@cpu80,4,OK,v3-sram-actq,80,80000000,0,model: V=4096 D=128 L=6 H=4 F=198 P=64  (mapped 15.6 MB),0.54,4479,34.3,34.3,200,43.42,4.61,216.2,7.6,91.1,70.2,15.9,31.3,0.100
2026-08-10T02:00:45,B,ple-c1M-s0@cpu80,5,OK,v3-sram-actq,80,80000000,0,model: V=4096 D=128 L=6 H=4 F=198 P=64  (mapped 15.6 MB),0.54,4479,34.3,35.3,200,43.42,4.61,216.2,7.6,91.1,70.2,15.9,31.3,0.100
2026-08-10T02:02:38,B,ple-c2M-s0@cpu80,1,OK,v3-sram-actq,80,80000000,0,model: V=4096 D=128 L=6 H=4 F=632 P=64  (mapped 15.6 MB),0.54,4474,33.3,34.3,200,73.87,2.71,368.4,7.6,92.3,221.4,15.9,31.2,0.000
2026-08-10T02:03:57,B,ple-c2M-s0@cpu80,2,OK,v3-sram-actq,80,80000000,0,model: V=4096 D=128 L=6 H=4 F=632 P=64  (mapped 15.6 MB),0.54,4474,34.3,34.3,200,73.97,2.70,368.9,7.6,92.6,221.5,15.9,31.3,0.000
2026-08-10T02:05:15,B,ple-c2M-s0@cpu80,3,OK,v3-sram-actq,80,80000000,0,model: V=4096 D=128 L=6 H=4 F=632 P=64  (mapped 15.6 MB),0.54,4474,34.3,35.3,200,73.97,2.70,368.9,7.6,92.6,221.5,15.9,31.3,0.000
2026-08-10T02:06:34,B,ple-c2M-s0@cpu80,4,OK,v3-sram-actq,80,80000000,0,model: V=4096 D=128 L=6 H=4 F=632 P=64  (mapped 15.6 MB),0.54,4474,34.3,35.3,200,73.97,2.70,368.9,7.6,92.6,221.5,15.9,31.3,0.000
2026-08-10T02:07:53,B,ple-c2M-s0@cpu80,5,OK,v3-sram-actq,80,80000000,0,model: V=4096 D=128 L=6 H=4 F=632 P=64  (mapped 15.6 MB),0.54,4474,34.3,35.3,200,73.87,2.71,368.4,7.6,92.3,221.4,15.9,31.2,0.000
2026-08-10T02:13:34,B,ple-c3M-s0@cpu80,1,PARTIAL,v3-sram-actq,80,80000000,0,model: V=4096 D=128 L=6 H=4 F=1066 P=64  (mapped 15.6 MB),0.54,4469,33.3,,,,,,,,,,,
2026-08-10T02:18:36,B,ple-c3M-s0@cpu80,2,TIMEOUT,,,,,,,,,,,,,,,,,,,
2026-08-10T02:23:38,B,ple-c3M-s0@cpu80,3,TIMEOUT,,,,,,,,,,,,,,,,,,,
2026-08-10T02:28:39,B,ple-c3M-s0@cpu80,4,TIMEOUT,,,,,,,,,,,,,,,,,,,
2026-08-10T02:33:41,B,ple-c3M-s0@cpu80,5,TIMEOUT,,,,,,,,,,,,,,,,,,,
2026-08-10T02:35:08,B,ple-L4-s0@cpu80,1,OK,v3-sram-actq,80,80000000,0,model: V=4096 D=128 L=4 H=4 F=740 P=64  (mapped 15.6 MB),0.54,5498,33.3,34.3,200,56.56,3.54,281.8,5.2,61.8,172.9,10.6,31.3,0.000
2026-08-10T02:36:09,B,ple-L4-s0@cpu80,2,OK,v3-sram-actq,80,80000000,0,model: V=4096 D=128 L=4 H=4 F=740 P=64  (mapped 15.6 MB),0.54,5498,33.3,34.3,200,56.56,3.54,281.8,5.2,61.8,172.9,10.6,31.3,0.000
2026-08-10T02:37:10,B,ple-L4-s0@cpu80,3,OK,v3-sram-actq,80,80000000,0,model: V=4096 D=128 L=4 H=4 F=740 P=64  (mapped 15.6 MB),0.54,5498,34.3,34.3,200,56.56,3.54,281.8,5.2,61.8,172.9,10.6,31.3,0.000
2026-08-10T02:38:11,B,ple-L4-s0@cpu80,4,OK,v3-sram-actq,80,80000000,0,model: V=4096 D=128 L=4 H=4 F=740 P=64  (mapped 15.6 MB),0.54,5498,34.3,34.3,200,56.56,3.54,281.8,5.2,61.8,172.9,10.6,31.3,0.000
2026-08-10T02:39:12,B,ple-L4-s0@cpu80,5,OK,v3-sram-actq,80,80000000,0,model: V=4096 D=128 L=4 H=4 F=740 P=64  (mapped 15.6 MB),0.54,5498,34.3,34.3,200,56.56,3.54,281.8,5.2,61.8,172.9,10.6,31.3,0.000
2026-08-10T02:40:51,B,ple-L8-s0@cpu80,1,OK,v3-sram-actq,80,80000000,0,model: V=4096 D=128 L=8 H=4 F=252 P=64  (mapped 15.6 MB),0.54,3389,33.3,34.3,200,60.91,3.28,303.6,10.1,123.0,118.1,21.2,31.2,0.000
2026-08-10T02:41:56,B,ple-L8-s0@cpu80,2,OK,v3-sram-actq,80,80000000,0,model: V=4096 D=128 L=8 H=4 F=252 P=64  (mapped 15.6 MB),0.54,3389,33.3,34.3,200,61.03,3.28,304.2,10.1,123.4,118.2,21.2,31.3,0.000
2026-08-10T02:43:01,B,ple-L8-s0@cpu80,3,OK,v3-sram-actq,80,80000000,0,model: V=4096 D=128 L=8 H=4 F=252 P=64  (mapped 15.6 MB),0.54,3389,33.3,34.3,200,61.03,3.28,304.2,10.1,123.4,118.2,21.2,31.3,0.000
2026-08-10T02:44:07,B,ple-L8-s0@cpu80,4,OK,v3-sram-actq,80,80000000,0,model: V=4096 D=128 L=8 H=4 F=252 P=64  (mapped 15.6 MB),0.54,3389,34.3,34.3,200,61.03,3.28,304.2,10.1,123.4,118.2,21.2,31.3,0.000
2026-08-10T02:45:12,B,ple-L8-s0@cpu80,5,OK,v3-sram-actq,80,80000000,0,model: V=4096 D=128 L=8 H=4 F=252 P=64  (mapped 15.6 MB),0.54,3389,34.3,34.3,200,60.91,3.28,303.6,10.1,123.0,118.1,21.2,31.2,0.000
2026-08-10T02:46:44,B,ple-D96-s0@cpu80,1,OK,v3-sram-actq,80,80000000,0,model: V=4096 D=96 L=6 H=4 F=674 P=64  (mapped 15.6 MB),0.41,5378,33.3,34.3,200,57.93,3.45,288.7,6.0,62.0,184.7,12.3,23.7,0.000
2026-08-10T02:47:46,B,ple-D96-s0@cpu80,2,OK,v3-sram-actq,80,80000000,0,model: V=4096 D=96 L=6 H=4 F=674 P=64  (mapped 15.6 MB),0.41,5378,34.3,34.3,200,57.85,3.46,288.3,6.0,61.8,184.7,12.3,23.6,-0.100
2026-08-10T02:48:49,B,ple-D96-s0@cpu80,3,OK,v3-sram-actq,80,80000000,0,model: V=4096 D=96 L=6 H=4 F=674 P=64  (mapped 15.6 MB),0.41,5378,34.3,34.3,200,57.93,3.45,288.7,6.0,62.0,184.7,12.3,23.7,0.000
2026-08-10T02:49:51,B,ple-D96-s0@cpu80,4,OK,v3-sram-actq,80,80000000,0,model: V=4096 D=96 L=6 H=4 F=674 P=64  (mapped 15.6 MB),0.41,5378,34.3,34.3,200,57.93,3.45,288.7,6.0,62.0,184.7,12.3,23.7,0.000
2026-08-10T02:50:53,B,ple-D96-s0@cpu80,5,OK,v3-sram-actq,80,80000000,0,model: V=4096 D=96 L=6 H=4 F=674 P=64  (mapped 15.6 MB),0.41,5378,34.3,34.3,200,57.93,3.45,288.7,6.0,62.0,184.7,12.3,23.7,0.000
2026-08-10T02:52:31,B,ple-D160-s0@cpu80,1,OK,v3-sram-actq,80,80000000,0,model: V=4096 D=160 L=6 H=4 F=242 P=64  (mapped 15.6 MB),0.67,3582,33.3,34.3,200,62.13,3.22,309.7,9.8,133.4,107.7,19.9,38.8,0.100
2026-08-10T02:53:38,B,ple-D160-s0@cpu80,2,OK,v3-sram-actq,80,80000000,0,model: V=4096 D=160 L=6 H=4 F=242 P=64  (mapped 15.6 MB),0.67,3582,34.3,34.3,200,62.25,3.21,310.3,9.8,133.8,107.8,19.9,38.9,0.100
2026-08-10T02:54:44,B,ple-D160-s0@cpu80,3,OK,v3-sram-actq,80,80000000,0,model: V=4096 D=160 L=6 H=4 F=242 P=64  (mapped 15.6 MB),0.67,3582,34.3,34.3,200,62.13,3.22,309.7,9.8,133.4,107.7,19.9,38.8,0.100
2026-08-10T02:55:51,B,ple-D160-s0@cpu80,4,OK,v3-sram-actq,80,80000000,0,model: V=4096 D=160 L=6 H=4 F=242 P=64  (mapped 15.6 MB),0.67,3582,34.3,34.3,200,62.13,3.22,309.7,9.8,133.4,107.7,19.9,38.8,0.100
2026-08-10T02:56:58,B,ple-D160-s0@cpu80,5,OK,v3-sram-actq,80,80000000,0,model: V=4096 D=160 L=6 H=4 F=242 P=64  (mapped 15.6 MB),0.67,3582,34.3,34.3,200,62.25,3.21,310.3,9.8,133.8,107.8,19.9,38.9,0.100
2026-08-10T03:06:07,B,ple-c3M-s0@cpu80,1,OK,v3-sram-actq,80,80000000,0,model: V=4096 D=128 L=6 H=4 F=1066 P=64  (mapped 15.6 MB),0.54,4469,33.3,34.3,200,104.36,1.92,520.9,7.6,92.3,373.9,15.9,31.2,0.000
2026-08-10T03:07:57,B,ple-c3M-s0@cpu80,2,OK,v3-sram-actq,80,80000000,0,model: V=4096 D=128 L=6 H=4 F=1066 P=64  (mapped 15.6 MB),0.54,4469,34.3,34.3,200,104.36,1.92,520.9,7.6,92.3,373.9,15.9,31.2,0.000
2026-08-10T03:09:47,B,ple-c3M-s0@cpu80,3,OK,v3-sram-actq,80,80000000,0,model: V=4096 D=128 L=6 H=4 F=1066 P=64  (mapped 15.6 MB),0.54,4469,34.3,34.3,200,104.47,1.91,521.4,7.6,92.6,373.9,15.9,31.3,0.100
2026-08-10T03:11:36,B,ple-c3M-s0@cpu80,4,OK,v3-sram-actq,80,80000000,0,model: V=4096 D=128 L=6 H=4 F=1066 P=64  (mapped 15.6 MB),0.54,4469,34.3,34.3,200,104.47,1.91,521.4,7.6,92.6,373.9,15.9,31.3,0.100
2026-08-10T03:13:26,B,ple-c3M-s0@cpu80,5,OK,v3-sram-actq,80,80000000,0,model: V=4096 D=128 L=6 H=4 F=1066 P=64  (mapped 15.6 MB),0.54,4469,34.3,34.3,200,104.47,1.91,521.4,7.6,92.6,373.9,15.9,31.3,0.100
2026-08-10T03:48:11,DOM,ple-dom-industrial-s0@cpu240,1,OK,v3-sram-actq,240,80000000,0,model: V=4096 D=128 L=6 H=4 F=415 P=64  (mapped 15.6 MB),0.54,4476,34.3,36.3,200,22.79,8.78,113.4,2.9,38.9,53.4,5.9,12.3,0.000
2026-08-10T03:48:37,DOM,ple-dom-industrial-s0@cpu240,2,OK,v3-sram-actq,240,80000000,0,model: V=4096 D=128 L=6 H=4 F=415 P=64  (mapped 15.6 MB),0.54,4476,35.3,37.3,200,22.70,8.81,113.0,2.9,38.7,53.3,5.9,12.2,0.000
2026-08-10T03:49:04,DOM,ple-dom-industrial-s0@cpu240,3,OK,v3-sram-actq,240,80000000,0,model: V=4096 D=128 L=6 H=4 F=415 P=64  (mapped 15.6 MB),0.54,4476,36.3,37.3,200,22.79,8.78,113.4,2.9,38.9,53.4,5.9,12.3,0.000
2026-08-10T03:50:00,DOM,ple-dom-shakes-s0@cpu240,1,OK,v3-sram-actq,240,80000000,0,model: V=4096 D=128 L=6 H=4 F=415 P=64  (mapped 15.6 MB),0.54,4476,35.3,37.3,200,22.79,8.78,113.5,2.9,39.0,53.4,5.9,12.3,0.000
2026-08-10T03:50:26,DOM,ple-dom-shakes-s0@cpu240,2,OK,v3-sram-actq,240,80000000,0,model: V=4096 D=128 L=6 H=4 F=415 P=64  (mapped 15.6 MB),0.54,4476,36.3,37.3,200,22.79,8.78,113.5,2.9,39.0,53.4,5.9,12.3,0.000
2026-08-10T03:50:53,DOM,ple-dom-shakes-s0@cpu240,3,OK,v3-sram-actq,240,80000000,0,model: V=4096 D=128 L=6 H=4 F=415 P=64  (mapped 15.6 MB),0.54,4476,36.3,37.3,200,22.79,8.78,113.5,2.9,39.0,53.4,5.9,12.3,0.000
2026-08-10T04:07:37,C,ple-ref28M-s0@cpu240,1,OK,v4-n200-w8,240,80000000,0,model: V=32768 D=96 L=6 H=4 F=66 P=128  (mapped 15.6 MB),2.54,4326,35.3,37.3,200,21.24,9.42,104.1,4.4,26.1,6.9,8.5,58.2,-0.000
2026-08-10T04:08:02,C,ple-ref28M-s0@cpu240,2,OK,v4-n200-w8,240,80000000,0,model: V=32768 D=96 L=6 H=4 F=66 P=128  (mapped 15.6 MB),2.54,4326,36.3,38.3,200,21.24,9.42,104.1,4.4,26.1,6.9,8.5,58.2,-0.000
2026-08-10T04:08:28,C,ple-ref28M-s0@cpu240,3,OK,v4-n200-w8,240,80000000,0,model: V=32768 D=96 L=6 H=4 F=66 P=128  (mapped 15.6 MB),2.54,4326,36.3,38.3,200,21.24,9.42,104.1,4.4,26.1,6.9,8.5,58.2,-0.000
2026-08-10T04:08:53,C,ple-ref28M-s0@cpu240,4,OK,v4-n200-w8,240,80000000,0,model: V=32768 D=96 L=6 H=4 F=66 P=128  (mapped 15.6 MB),2.54,4326,36.3,39.3,200,21.24,9.42,104.1,4.4,26.1,6.9,8.5,58.2,-0.000
2026-08-10T04:09:18,C,ple-ref28M-s0@cpu240,5,OK,v4-n200-w8,240,80000000,0,model: V=32768 D=96 L=6 H=4 F=66 P=128  (mapped 15.6 MB),2.54,4326,36.3,39.3,200,21.24,9.42,104.1,4.4,26.1,6.9,8.5,58.2,-0.000
2026-08-10T04:10:40,C,ple-ref28M-s0@cpu160,1,OK,v4-n200-w8,160,80000000,0,model: V=32768 D=96 L=6 H=4 F=66 P=128  (mapped 15.6 MB),2.54,4326,35.3,37.3,200,28.93,6.91,142.0,6.2,34.8,9.8,12.2,79.0,0.000
2026-08-10T04:11:13,C,ple-ref28M-s0@cpu160,2,OK,v4-n200-w8,160,80000000,0,model: V=32768 D=96 L=6 H=4 F=66 P=128  (mapped 15.6 MB),2.54,4326,36.3,37.3,200,28.93,6.91,142.0,6.2,34.8,9.8,12.2,79.0,0.000
2026-08-10T04:11:46,C,ple-ref28M-s0@cpu160,3,OK,v4-n200-w8,160,80000000,0,model: V=32768 D=96 L=6 H=4 F=66 P=128  (mapped 15.6 MB),2.54,4326,35.3,37.3,200,28.93,6.91,142.0,6.2,34.8,9.8,12.2,79.0,0.000
2026-08-10T04:12:19,C,ple-ref28M-s0@cpu160,4,OK,v4-n200-w8,160,80000000,0,model: V=32768 D=96 L=6 H=4 F=66 P=128  (mapped 15.6 MB),2.54,4326,36.3,37.3,200,28.93,6.91,142.0,6.2,34.8,9.8,12.2,79.0,0.000
2026-08-10T04:12:52,C,ple-ref28M-s0@cpu160,5,OK,v4-n200-w8,160,80000000,0,model: V=32768 D=96 L=6 H=4 F=66 P=128  (mapped 15.6 MB),2.54,4326,36.3,37.3,200,28.93,6.91,142.0,6.2,34.8,9.8,12.2,79.0,0.000
2026-08-10T04:14:39,C,ple-ref28M-s0@cpu80,1,OK,v4-n200-w8,80,80000000,0,model: V=32768 D=96 L=6 H=4 F=66 P=128  (mapped 15.6 MB),2.54,4326,34.3,35.3,200,53.11,3.77,261.4,11.8,61.9,18.8,23.3,145.6,0.000
2026-08-10T04:15:36,C,ple-ref28M-s0@cpu80,2,OK,v4-n200-w8,80,80000000,0,model: V=32768 D=96 L=6 H=4 F=66 P=128  (mapped 15.6 MB),2.54,4326,34.3,35.3,200,53.11,3.77,261.4,11.7,61.9,18.8,23.3,145.6,0.100
2026-08-10T04:16:34,C,ple-ref28M-s0@cpu80,3,OK,v4-n200-w8,80,80000000,0,model: V=32768 D=96 L=6 H=4 F=66 P=128  (mapped 15.6 MB),2.54,4326,34.3,35.3,200,53.11,3.77,261.4,11.8,61.9,18.8,23.3,145.6,0.000
2026-08-10T04:17:32,C,ple-ref28M-s0@cpu80,4,OK,v4-n200-w8,80,80000000,0,model: V=32768 D=96 L=6 H=4 F=66 P=128  (mapped 15.6 MB),2.54,4326,34.3,35.3,200,53.11,3.77,261.4,11.8,61.9,18.8,23.3,145.6,0.000
2026-08-10T04:18:30,C,ple-ref28M-s0@cpu80,5,OK,v4-n200-w8,80,80000000,0,model: V=32768 D=96 L=6 H=4 F=66 P=128  (mapped 15.6 MB),2.54,4326,34.3,35.3,200,52.89,3.78,260.3,11.7,61.6,18.8,23.3,144.8,0.100
2026-08-10T04:22:54,C,ple-d32-s0@Os240,1,OK,v4-n200-w8,240,80000000,0,model: V=4096 D=128 L=6 H=4 F=447 P=32  (mapped 15.6 MB),0.54,4478,34.3,36.3,200,27.97,7.15,139.3,1.6,46.0,64.9,3.7,23.1,0.000
2026-08-10T04:23:26,C,ple-d32-s0@Os240,2,OK,v4-n200-w8,240,80000000,0,model: V=4096 D=128 L=6 H=4 F=447 P=32  (mapped 15.6 MB),0.54,4478,35.3,37.3,200,27.97,7.15,139.3,1.6,46.0,64.9,3.7,23.1,0.000
2026-08-10T04:23:57,C,ple-d32-s0@Os240,3,OK,v4-n200-w8,240,80000000,0,model: V=4096 D=128 L=6 H=4 F=447 P=32  (mapped 15.6 MB),0.54,4478,36.3,38.3,200,27.97,7.15,139.3,1.6,46.0,64.9,3.7,23.1,0.000
2026-08-10T04:24:29,C,ple-d32-s0@Os240,4,OK,v4-n200-w8,240,80000000,0,model: V=4096 D=128 L=6 H=4 F=447 P=32  (mapped 15.6 MB),0.54,4478,36.3,38.3,200,27.94,7.16,139.1,1.6,45.9,64.9,3.7,23.0,0.000
2026-08-10T04:25:01,C,ple-d32-s0@Os240,5,OK,v4-n200-w8,240,80000000,0,model: V=4096 D=128 L=6 H=4 F=447 P=32  (mapped 15.6 MB),0.54,4478,36.3,38.3,200,27.94,7.16,139.1,1.6,45.9,64.9,3.7,23.0,0.000
2026-08-10T04:26:03,C,ple-d64-s0@Os240,1,OK,v4-n200-w8,240,80000000,0,model: V=4096 D=128 L=6 H=4 F=415 P=64  (mapped 15.6 MB),0.54,4476,35.3,37.3,200,28.23,7.09,140.5,3.2,47.3,60.3,6.6,23.1,0.000
2026-08-10T04:26:35,C,ple-d64-s0@Os240,2,OK,v4-n200-w8,240,80000000,0,model: V=4096 D=128 L=6 H=4 F=415 P=64  (mapped 15.6 MB),0.54,4476,36.3,38.3,200,28.23,7.09,140.5,3.2,47.3,60.3,6.6,23.1,0.000
2026-08-10T04:27:07,C,ple-d64-s0@Os240,3,OK,v4-n200-w8,240,80000000,0,model: V=4096 D=128 L=6 H=4 F=415 P=64  (mapped 15.6 MB),0.54,4476,36.3,38.3,200,28.17,7.10,140.3,3.2,47.1,60.3,6.6,23.0,0.100
2026-08-10T04:27:39,C,ple-d64-s0@Os240,4,OK,v4-n200-w8,240,80000000,0,model: V=4096 D=128 L=6 H=4 F=415 P=64  (mapped 15.6 MB),0.54,4476,36.3,38.3,200,28.23,7.09,140.5,3.2,47.3,60.3,6.6,23.1,0.000
2026-08-10T04:28:11,C,ple-d64-s0@Os240,5,OK,v4-n200-w8,240,80000000,0,model: V=4096 D=128 L=6 H=4 F=415 P=64  (mapped 15.6 MB),0.54,4476,37.3,38.3,200,28.17,7.10,140.3,3.2,47.1,60.3,6.6,23.0,0.100
2026-08-10T04:29:23,C,ple-d128-s0@Os240,1,OK,v4-n200-w8,240,80000000,0,model: V=4096 D=128 L=6 H=4 F=351 P=128  (mapped 15.6 MB),0.54,4473,35.3,38.3,200,28.04,7.13,139.6,6.3,47.0,50.9,12.4,23.0,0.000
2026-08-10T04:29:55,C,ple-d128-s0@Os240,2,OK,v4-n200-w8,240,80000000,0,model: V=4096 D=128 L=6 H=4 F=351 P=128  (mapped 15.6 MB),0.54,4473,36.3,38.3,200,28.04,7.13,139.6,6.3,47.0,50.9,12.4,23.0,0.000
2026-08-10T04:30:27,C,ple-d128-s0@Os240,3,OK,v4-n200-w8,240,80000000,0,model: V=4096 D=128 L=6 H=4 F=351 P=128  (mapped 15.6 MB),0.54,4473,36.3,38.3,200,28.09,7.12,139.9,6.3,47.2,50.9,12.4,23.1,0.000
2026-08-10T04:30:59,C,ple-d128-s0@Os240,4,OK,v4-n200-w8,240,80000000,0,model: V=4096 D=128 L=6 H=4 F=351 P=128  (mapped 15.6 MB),0.54,4473,36.3,38.3,200,28.09,7.12,139.9,6.3,47.2,50.9,12.4,23.1,0.000
2026-08-10T04:31:31,C,ple-d128-s0@Os240,5,OK,v4-n200-w8,240,80000000,0,model: V=4096 D=128 L=6 H=4 F=351 P=128  (mapped 15.6 MB),0.54,4473,36.3,38.3,200,28.04,7.13,139.6,6.3,47.0,50.9,12.4,23.0,0.000
2026-08-10T04:33:06,C,ple-d256-s0@Os240,1,OK,v4-n200-w8,240,80000000,0,model: V=4096 D=128 L=6 H=4 F=223 P=256  (mapped 15.6 MB),0.54,4465,35.3,37.3,200,28.07,7.13,139.8,12.4,47.1,32.5,24.6,23.1,0.100
2026-08-10T04:33:37,C,ple-d256-s0@Os240,2,OK,v4-n200-w8,240,80000000,0,model: V=4096 D=128 L=6 H=4 F=223 P=256  (mapped 15.6 MB),0.54,4465,36.3,38.3,200,28.07,7.13,139.8,12.4,47.1,32.5,24.6,23.1,0.100
2026-08-10T04:34:09,C,ple-d256-s0@Os240,3,OK,v4-n200-w8,240,80000000,0,model: V=4096 D=128 L=6 H=4 F=223 P=256  (mapped 15.6 MB),0.54,4465,36.3,38.3,200,28.07,7.13,139.8,12.4,47.1,32.5,24.6,23.1,0.100
2026-08-10T04:34:41,C,ple-d256-s0@Os240,4,OK,v4-n200-w8,240,80000000,0,model: V=4096 D=128 L=6 H=4 F=223 P=256  (mapped 15.6 MB),0.54,4465,36.3,38.3,200,28.12,7.11,140.0,12.4,47.3,32.5,24.6,23.1,0.100
2026-08-10T04:35:13,C,ple-d256-s0@Os240,5,OK,v4-n200-w8,240,80000000,0,model: V=4096 D=128 L=6 H=4 F=223 P=256  (mapped 15.6 MB),0.54,4465,36.3,38.3,200,28.07,7.13,139.8,12.4,47.1,32.5,24.6,23.1,0.100
2026-08-10T04:36:05,C,ple-c1M-s0@Os240,1,OK,v4-n200-w8,240,80000000,0,model: V=4096 D=128 L=6 H=4 F=198 P=64  (mapped 15.6 MB),0.54,4479,35.3,38.3,200,21.61,9.26,107.5,3.2,45.7,29.0,6.6,23.0,0.000
2026-08-10T04:36:30,C,ple-c1M-s0@Os240,2,OK,v4-n200-w8,240,80000000,0,model: V=4096 D=128 L=6 H=4 F=198 P=64  (mapped 15.6 MB),0.54,4479,36.3,38.3,200,21.64,9.24,107.6,3.2,45.8,29.0,6.6,23.1,-0.100
2026-08-10T04:36:55,C,ple-c1M-s0@Os240,3,OK,v4-n200-w8,240,80000000,0,model: V=4096 D=128 L=6 H=4 F=198 P=64  (mapped 15.6 MB),0.54,4479,36.3,38.3,200,21.61,9.26,107.5,3.2,45.7,29.0,6.6,23.0,0.000
2026-08-10T04:37:21,C,ple-c1M-s0@Os240,4,OK,v4-n200-w8,240,80000000,0,model: V=4096 D=128 L=6 H=4 F=198 P=64  (mapped 15.6 MB),0.54,4479,36.3,38.3,200,21.64,9.24,107.6,3.2,45.8,29.0,6.6,23.1,-0.100
2026-08-10T04:37:46,C,ple-c1M-s0@Os240,5,OK,v4-n200-w8,240,80000000,0,model: V=4096 D=128 L=6 H=4 F=198 P=64  (mapped 15.6 MB),0.54,4479,36.3,38.3,200,21.64,9.24,107.6,3.2,45.8,29.0,6.6,23.1,-0.100
2026-08-10T04:38:57,C,ple-c2M-s0@Os240,1,OK,v4-n200-w8,240,80000000,0,model: V=4096 D=128 L=6 H=4 F=632 P=64  (mapped 15.6 MB),0.54,4474,36.3,38.3,200,34.39,5.82,171.3,3.2,47.2,91.3,6.6,23.1,-0.100
2026-08-10T04:39:36,C,ple-c2M-s0@Os240,2,OK,v4-n200-w8,240,80000000,0,model: V=4096 D=128 L=6 H=4 F=632 P=64  (mapped 15.6 MB),0.54,4474,36.3,38.3,200,34.33,5.83,171.1,3.2,47.0,91.3,6.6,23.0,0.000
2026-08-10T04:40:14,C,ple-c2M-s0@Os240,3,OK,v4-n200-w8,240,80000000,0,model: V=4096 D=128 L=6 H=4 F=632 P=64  (mapped 15.6 MB),0.54,4474,36.3,38.3,200,34.39,5.82,171.3,3.2,47.2,91.3,6.6,23.1,-0.100
2026-08-10T04:40:52,C,ple-c2M-s0@Os240,4,OK,v4-n200-w8,240,80000000,0,model: V=4096 D=128 L=6 H=4 F=632 P=64  (mapped 15.6 MB),0.54,4474,36.3,38.3,200,34.33,5.83,171.1,3.2,47.0,91.3,6.6,23.0,0.000
2026-08-10T04:41:31,C,ple-c2M-s0@Os240,5,OK,v4-n200-w8,240,80000000,0,model: V=4096 D=128 L=6 H=4 F=632 P=64  (mapped 15.6 MB),0.54,4474,37.3,38.3,200,34.39,5.82,171.3,3.2,47.2,91.3,6.6,23.1,-0.100
2026-08-10T04:43:02,C,ple-c3M-s0@Os240,1,OK,v4-n200-w8,240,80000000,0,model: V=4096 D=128 L=6 H=4 F=1066 P=64  (mapped 15.6 MB),0.54,4469,35.3,38.3,200,46.95,4.26,234.2,3.2,47.0,154.4,6.6,23.0,-0.000
2026-08-10T04:43:53,C,ple-c3M-s0@Os240,2,OK,v4-n200-w8,240,80000000,0,model: V=4096 D=128 L=6 H=4 F=1066 P=64  (mapped 15.6 MB),0.54,4469,36.3,38.3,200,46.95,4.26,234.2,3.2,47.0,154.4,6.6,23.0,-0.000
2026-08-10T04:44:44,C,ple-c3M-s0@Os240,3,OK,v4-n200-w8,240,80000000,0,model: V=4096 D=128 L=6 H=4 F=1066 P=64  (mapped 15.6 MB),0.54,4469,36.3,38.3,200,47.01,4.25,234.5,3.2,47.2,154.4,6.6,23.1,0.000
2026-08-10T04:45:36,C,ple-c3M-s0@Os240,4,OK,v4-n200-w8,240,80000000,0,model: V=4096 D=128 L=6 H=4 F=1066 P=64  (mapped 15.6 MB),0.54,4469,37.3,38.3,200,47.01,4.25,234.5,3.2,47.2,154.4,6.6,23.1,0.000
2026-08-10T04:46:27,C,ple-c3M-s0@Os240,5,OK,v4-n200-w8,240,80000000,0,model: V=4096 D=128 L=6 H=4 F=1066 P=64  (mapped 15.6 MB),0.54,4469,37.3,39.3,200,47.01,4.25,234.5,3.2,47.2,154.4,6.6,23.1,0.000
2026-08-10T04:47:23,C,ple-L4-s0@Os240,1,OK,v4-n200-w8,240,80000000,0,model: V=4096 D=128 L=4 H=4 F=740 P=64  (mapped 15.6 MB),0.54,5498,36.3,38.3,200,26.57,7.53,132.3,2.1,31.4,71.3,4.4,23.0,0.100
2026-08-10T04:47:53,C,ple-L4-s0@Os240,2,OK,v4-n200-w8,240,80000000,0,model: V=4096 D=128 L=4 H=4 F=740 P=64  (mapped 15.6 MB),0.54,5498,36.3,38.3,200,26.61,7.52,132.5,2.1,31.5,71.3,4.4,23.1,0.100
2026-08-10T04:48:24,C,ple-L4-s0@Os240,3,OK,v4-n200-w8,240,80000000,0,model: V=4096 D=128 L=4 H=4 F=740 P=64  (mapped 15.6 MB),0.54,5498,36.3,38.3,200,26.57,7.53,132.3,2.1,31.4,71.3,4.4,23.0,0.100
2026-08-10T04:48:54,C,ple-L4-s0@Os240,4,OK,v4-n200-w8,240,80000000,0,model: V=4096 D=128 L=4 H=4 F=740 P=64  (mapped 15.6 MB),0.54,5498,37.3,38.3,200,26.61,7.52,132.5,2.1,31.5,71.3,4.4,23.1,0.100
2026-08-10T04:49:25,C,ple-L4-s0@Os240,5,OK,v4-n200-w8,240,80000000,0,model: V=4096 D=128 L=4 H=4 F=740 P=64  (mapped 15.6 MB),0.54,5498,37.3,38.3,200,26.57,7.53,132.3,2.1,31.4,71.3,4.4,23.0,0.100
2026-08-10T04:50:31,C,ple-L8-s0@Os240,1,OK,v4-n200-w8,240,80000000,0,model: V=4096 D=128 L=8 H=4 F=252 P=64  (mapped 15.6 MB),0.54,3389,36.3,38.3,200,29.59,6.76,147.4,4.2,62.6,48.7,8.8,23.0,0.100
2026-08-10T04:51:05,C,ple-L8-s0@Os240,2,OK,v4-n200-w8,240,80000000,0,model: V=4096 D=128 L=8 H=4 F=252 P=64  (mapped 15.6 MB),0.54,3389,36.3,38.3,200,29.66,6.74,147.7,4.2,62.9,48.7,8.8,23.1,-0.000
2026-08-10T04:51:38,C,ple-L8-s0@Os240,3,OK,v4-n200-w8,240,80000000,0,model: V=4096 D=128 L=8 H=4 F=252 P=64  (mapped 15.6 MB),0.54,3389,36.3,38.3,200,29.66,6.74,147.7,4.2,62.9,48.7,8.8,23.1,-0.000
2026-08-10T04:52:12,C,ple-L8-s0@Os240,4,OK,v4-n200-w8,240,80000000,0,model: V=4096 D=128 L=8 H=4 F=252 P=64  (mapped 15.6 MB),0.54,3389,36.3,38.3,200,29.66,6.74,147.7,4.2,62.9,48.7,8.8,23.1,-0.000
2026-08-10T04:52:45,C,ple-L8-s0@Os240,5,OK,v4-n200-w8,240,80000000,0,model: V=4096 D=128 L=8 H=4 F=252 P=64  (mapped 15.6 MB),0.54,3389,36.3,38.3,200,29.66,6.74,147.7,4.2,62.9,48.7,8.8,23.1,-0.000
2026-08-10T04:53:45,C,ple-D96-s0@Os240,1,OK,v4-n200-w8,240,80000000,0,model: V=4096 D=96 L=6 H=4 F=674 P=64  (mapped 15.6 MB),0.41,5378,35.3,38.3,200,26.67,7.50,132.8,2.5,31.8,75.9,5.1,17.4,0.100
2026-08-10T04:54:15,C,ple-D96-s0@Os240,2,OK,v4-n200-w8,240,80000000,0,model: V=4096 D=96 L=6 H=4 F=674 P=64  (mapped 15.6 MB),0.41,5378,36.3,38.3,200,26.71,7.49,133.0,2.5,32.0,76.0,5.1,17.4,0.000
2026-08-10T04:54:46,C,ple-D96-s0@Os240,3,OK,v4-n200-w8,240,80000000,0,model: V=4096 D=96 L=6 H=4 F=674 P=64  (mapped 15.6 MB),0.41,5378,36.3,38.3,200,26.71,7.49,133.0,2.5,32.0,76.0,5.1,17.4,0.000
2026-08-10T04:55:16,C,ple-D96-s0@Os240,4,OK,v4-n200-w8,240,80000000,0,model: V=4096 D=96 L=6 H=4 F=674 P=64  (mapped 15.6 MB),0.41,5378,36.3,38.3,200,26.71,7.49,133.0,2.5,32.0,76.0,5.1,17.4,0.000
2026-08-10T04:55:47,C,ple-D96-s0@Os240,5,OK,v4-n200-w8,240,80000000,0,model: V=4096 D=96 L=6 H=4 F=674 P=64  (mapped 15.6 MB),0.41,5378,36.3,38.3,200,26.67,7.50,132.8,2.5,31.8,75.9,5.1,17.4,0.100
2026-08-10T04:56:52,C,ple-D160-s0@Os240,1,OK,v4-n200-w8,240,80000000,0,model: V=4096 D=160 L=6 H=4 F=242 P=64  (mapped 15.6 MB),0.67,3582,35.3,38.3,200,30.50,6.56,151.9,4.1,66.3,44.6,8.3,28.7,-0.100
2026-08-10T04:57:27,C,ple-D160-s0@Os240,2,OK,v4-n200-w8,240,80000000,0,model: V=4096 D=160 L=6 H=4 F=242 P=64  (mapped 15.6 MB),0.67,3582,36.3,38.3,200,30.50,6.56,151.9,4.1,66.3,44.6,8.3,28.7,-0.100
2026-08-10T04:58:01,C,ple-D160-s0@Os240,3,OK,v4-n200-w8,240,80000000,0,model: V=4096 D=160 L=6 H=4 F=242 P=64  (mapped 15.6 MB),0.67,3582,36.3,38.3,200,30.57,6.54,152.3,4.1,66.5,44.6,8.3,28.7,0.100
2026-08-10T04:58:35,C,ple-D160-s0@Os240,4,OK,v4-n200-w8,240,80000000,0,model: V=4096 D=160 L=6 H=4 F=242 P=64  (mapped 15.6 MB),0.67,3582,36.3,38.3,200,30.50,6.56,151.9,4.1,66.3,44.6,8.3,28.7,-0.100
2026-08-10T04:59:10,C,ple-D160-s0@Os240,5,OK,v4-n200-w8,240,80000000,0,model: V=4096 D=160 L=6 H=4 F=242 P=64  (mapped 15.6 MB),0.67,3582,36.3,38.3,200,30.57,6.54,152.3,4.1,66.5,44.6,8.3,28.7,0.100
2026-08-10T05:14:18,C,ple-ref28M-s0@Os240,1,OK,v4-n200-w8,240,80000000,0,model: V=32768 D=96 L=6 H=4 F=66 P=128  (mapped 15.6 MB),2.54,4326,33.3,37.3,200,32.90,6.08,161.5,4.9,31.7,7.7,9.6,107.5,0.100
2026-08-10T05:14:55,C,ple-ref28M-s0@Os240,2,OK,v4-n200-w8,240,80000000,0,model: V=32768 D=96 L=6 H=4 F=66 P=128  (mapped 15.6 MB),2.54,4326,36.3,38.3,200,32.90,6.08,161.5,4.9,31.7,7.7,9.6,107.5,0.100
2026-08-10T05:15:32,C,ple-ref28M-s0@Os240,3,OK,v4-n200-w8,240,80000000,0,model: V=32768 D=96 L=6 H=4 F=66 P=128  (mapped 15.6 MB),2.54,4326,36.3,39.3,200,32.98,6.06,161.9,4.9,31.9,7.7,9.6,107.7,0.100
2026-08-10T05:16:09,C,ple-ref28M-s0@Os240,4,OK,v4-n200-w8,240,80000000,0,model: V=32768 D=96 L=6 H=4 F=66 P=128  (mapped 15.6 MB),2.54,4326,37.3,39.3,200,32.98,6.06,161.9,4.9,31.9,7.7,9.6,107.7,0.100
2026-08-10T05:16:46,C,ple-ref28M-s0@Os240,5,OK,v4-n200-w8,240,80000000,0,model: V=32768 D=96 L=6 H=4 F=66 P=128  (mapped 15.6 MB),2.54,4326,37.3,39.3,200,32.90,6.08,161.5,4.9,31.7,7.7,9.6,107.5,0.100
2026-08-10T05:20:26,C,ple-d64-s0@n100,1,OK,v4-n100-w8,240,80000000,0,model: V=4096 D=128 L=6 H=4 F=415 P=64  (mapped 15.6 MB),0.54,4476,34.3,36.3,100,10.51,9.51,104.6,2.9,30.3,53.4,5.9,12.2,-0.100
2026-08-10T05:20:40,C,ple-d64-s0@n100,2,OK,v4-n100-w8,240,80000000,0,model: V=4096 D=128 L=6 H=4 F=415 P=64  (mapped 15.6 MB),0.54,4476,35.3,36.3,100,10.54,9.49,104.9,2.9,30.4,53.4,5.9,12.3,0.000
2026-08-10T05:20:54,C,ple-d64-s0@n100,3,OK,v4-n100-w8,240,80000000,0,model: V=4096 D=128 L=6 H=4 F=415 P=64  (mapped 15.6 MB),0.54,4476,35.3,37.3,100,10.54,9.49,104.9,2.9,30.4,53.4,5.9,12.3,0.000
2026-08-10T05:21:09,C,ple-d64-s0@n100,4,OK,v4-n100-w8,240,80000000,0,model: V=4096 D=128 L=6 H=4 F=415 P=64  (mapped 15.6 MB),0.54,4476,36.3,37.3,100,10.54,9.49,104.9,2.9,30.4,53.4,5.9,12.3,0.000
2026-08-10T05:21:23,C,ple-d64-s0@n100,5,OK,v4-n100-w8,240,80000000,0,model: V=4096 D=128 L=6 H=4 F=415 P=64  (mapped 15.6 MB),0.54,4476,36.3,37.3,100,10.54,9.49,104.9,2.9,30.4,53.4,5.9,12.3,0.000
2026-08-10T05:22:05,C,ple-c1M-s0@n100,1,OK,v4-n100-w8,240,80000000,0,model: V=4096 D=128 L=6 H=4 F=198 P=64  (mapped 15.6 MB),0.54,4479,35.3,36.3,100,7.68,13.02,76.3,2.9,29.6,25.7,5.8,12.3,0.000
2026-08-10T05:22:16,C,ple-c1M-s0@n100,2,OK,v4-n100-w8,240,80000000,0,model: V=4096 D=128 L=6 H=4 F=198 P=64  (mapped 15.6 MB),0.54,4479,35.3,37.3,100,7.68,13.02,76.3,2.9,29.6,25.7,5.8,12.3,0.000
2026-08-10T05:22:27,C,ple-c1M-s0@n100,3,OK,v4-n100-w8,240,80000000,0,model: V=4096 D=128 L=6 H=4 F=198 P=64  (mapped 15.6 MB),0.54,4479,36.3,37.3,100,7.68,13.02,76.3,2.9,29.6,25.7,5.8,12.3,0.000
2026-08-10T05:22:38,C,ple-c1M-s0@n100,4,OK,v4-n100-w8,240,80000000,0,model: V=4096 D=128 L=6 H=4 F=198 P=64  (mapped 15.6 MB),0.54,4479,36.3,37.3,100,7.68,13.02,76.3,2.9,29.6,25.7,5.8,12.3,0.000
2026-08-10T05:22:50,C,ple-c1M-s0@n100,5,OK,v4-n100-w8,240,80000000,0,model: V=4096 D=128 L=6 H=4 F=198 P=64  (mapped 15.6 MB),0.54,4479,36.3,37.3,100,7.68,13.02,76.3,2.9,29.6,25.7,5.8,12.3,0.000
2026-08-10T05:23:53,C,ple-c3M-s0@n100,1,OK,v4-n100-w8,240,80000000,0,model: V=4096 D=128 L=6 H=4 F=1066 P=64  (mapped 15.6 MB),0.54,4469,34.3,37.3,100,18.87,5.30,188.2,2.9,30.4,136.8,5.8,12.3,-0.000
2026-08-10T05:24:16,C,ple-c3M-s0@n100,2,OK,v4-n100-w8,240,80000000,0,model: V=4096 D=128 L=6 H=4 F=1066 P=64  (mapped 15.6 MB),0.54,4469,35.3,37.3,100,18.87,5.30,188.2,2.9,30.4,136.8,5.8,12.3,-0.000
2026-08-10T05:24:39,C,ple-c3M-s0@n100,3,OK,v4-n100-w8,240,80000000,0,model: V=4096 D=128 L=6 H=4 F=1066 P=64  (mapped 15.6 MB),0.54,4469,36.3,37.3,100,18.87,5.30,188.2,2.9,30.4,136.8,5.8,12.3,-0.000
2026-08-10T05:25:02,C,ple-c3M-s0@n100,4,OK,v4-n100-w8,240,80000000,0,model: V=4096 D=128 L=6 H=4 F=1066 P=64  (mapped 15.6 MB),0.54,4469,36.3,37.3,100,18.87,5.30,188.2,2.9,30.4,136.8,5.8,12.3,-0.000
2026-08-10T05:25:25,C,ple-c3M-s0@n100,5,OK,v4-n100-w8,240,80000000,0,model: V=4096 D=128 L=6 H=4 F=1066 P=64  (mapped 15.6 MB),0.54,4469,36.3,37.3,100,18.86,5.30,188.2,2.9,30.4,136.8,5.8,12.3,-0.000
2026-08-10T05:27:39,C,ple-d64-s0@n400,1,OK,v4-n400-w8,240,80000000,0,model: V=4096 D=128 L=6 H=4 F=415 P=64  (mapped 15.6 MB),0.54,4476,34.3,37.3,400,52.36,7.64,130.4,2.9,55.9,53.4,5.9,12.3,0.000
2026-08-10T05:28:35,C,ple-d64-s0@n400,2,OK,v4-n400-w8,240,80000000,0,model: V=4096 D=128 L=6 H=4 F=415 P=64  (mapped 15.6 MB),0.54,4476,36.3,38.3,400,52.36,7.64,130.4,2.9,55.9,53.4,5.9,12.3,0.000
2026-08-10T05:29:31,C,ple-d64-s0@n400,3,OK,v4-n400-w8,240,80000000,0,model: V=4096 D=128 L=6 H=4 F=415 P=64  (mapped 15.6 MB),0.54,4476,36.3,38.3,400,52.36,7.64,130.4,2.9,55.9,53.4,5.9,12.3,0.000
2026-08-10T05:30:27,C,ple-d64-s0@n400,4,OK,v4-n400-w8,240,80000000,0,model: V=4096 D=128 L=6 H=4 F=415 P=64  (mapped 15.6 MB),0.54,4476,36.3,38.3,400,52.36,7.64,130.4,2.9,55.9,53.4,5.9,12.3,0.000
2026-08-10T05:31:23,C,ple-d64-s0@n400,5,OK,v4-n400-w8,240,80000000,0,model: V=4096 D=128 L=6 H=4 F=415 P=64  (mapped 15.6 MB),0.54,4476,36.3,38.3,400,52.36,7.64,130.4,2.9,55.9,53.4,5.9,12.3,0.000
2026-08-10T05:32:33,C,ple-c1M-s0@n400,1,OK,v4-n400-w8,240,80000000,0,model: V=4096 D=128 L=6 H=4 F=198 P=64  (mapped 15.6 MB),0.54,4479,35.3,38.3,400,40.02,10.00,99.6,2.9,52.8,25.7,5.8,12.3,0.100
2026-08-10T05:33:17,C,ple-c1M-s0@n400,2,OK,v4-n400-w8,240,80000000,0,model: V=4096 D=128 L=6 H=4 F=198 P=64  (mapped 15.6 MB),0.54,4479,36.3,38.3,400,40.02,10.00,99.6,2.9,52.8,25.7,5.8,12.3,0.100
2026-08-10T05:34:01,C,ple-c1M-s0@n400,3,OK,v4-n400-w8,240,80000000,0,model: V=4096 D=128 L=6 H=4 F=198 P=64  (mapped 15.6 MB),0.54,4479,36.3,38.3,400,40.02,10.00,99.6,2.9,52.8,25.7,5.8,12.3,0.100
2026-08-10T05:34:44,C,ple-c1M-s0@n400,4,OK,v4-n400-w8,240,80000000,0,model: V=4096 D=128 L=6 H=4 F=198 P=64  (mapped 15.6 MB),0.54,4479,36.3,38.3,400,40.02,10.00,99.6,2.9,52.8,25.7,5.8,12.3,0.100
2026-08-10T05:35:28,C,ple-c1M-s0@n400,5,OK,v4-n400-w8,240,80000000,0,model: V=4096 D=128 L=6 H=4 F=198 P=64  (mapped 15.6 MB),0.54,4479,37.3,38.3,400,40.02,10.00,99.6,2.9,52.8,25.7,5.8,12.3,0.100
2026-08-10T05:37:38,C,ple-c3M-s0@n400,1,OK,v4-n400-w8,240,80000000,0,model: V=4096 D=128 L=6 H=4 F=1066 P=64  (mapped 15.6 MB),0.54,4469,35.3,38.3,400,85.57,4.67,213.4,2.9,55.6,136.8,5.8,12.3,0.000
2026-08-10T05:39:07,C,ple-c3M-s0@n400,2,OK,v4-n400-w8,240,80000000,0,model: V=4096 D=128 L=6 H=4 F=1066 P=64  (mapped 15.6 MB),0.54,4469,36.3,38.3,400,85.57,4.67,213.4,2.9,55.6,136.8,5.8,12.3,0.000
2026-08-10T05:40:37,C,ple-c3M-s0@n400,3,OK,v4-n400-w8,240,80000000,0,model: V=4096 D=128 L=6 H=4 F=1066 P=64  (mapped 15.6 MB),0.54,4469,36.3,38.3,400,85.57,4.67,213.4,2.9,55.6,136.8,5.8,12.3,0.000
2026-08-10T05:42:07,C,ple-c3M-s0@n400,4,OK,v4-n400-w8,240,80000000,0,model: V=4096 D=128 L=6 H=4 F=1066 P=64  (mapped 15.6 MB),0.54,4469,37.3,38.3,400,85.57,4.67,213.4,2.9,55.6,136.8,5.8,12.3,0.000
2026-08-10T05:43:36,C,ple-c3M-s0@n400,5,OK,v4-n400-w8,240,80000000,0,model: V=4096 D=128 L=6 H=4 F=1066 P=64  (mapped 15.6 MB),0.54,4469,36.3,38.3,400,85.57,4.67,213.4,2.9,55.6,136.8,5.8,12.3,0.000
2026-08-10T05:45:47,C,ple-c3M-s0@qio120-fellback-80,1,OK,v4-n200-w8,240,80000000,0,model: V=4096 D=128 L=6 H=4 F=1066 P=64  (mapped 15.6 MB),0.54,4469,34.3,37.3,200,39.42,5.07,196.6,2.9,38.8,136.8,5.8,12.3,-0.000
2026-08-10T05:46:30,C,ple-c3M-s0@qio120-fellback-80,2,OK,v4-n200-w8,240,80000000,0,model: V=4096 D=128 L=6 H=4 F=1066 P=64  (mapped 15.6 MB),0.54,4469,36.3,38.3,200,39.42,5.07,196.6,2.9,38.8,136.8,5.8,12.3,-0.000
2026-08-10T05:47:14,C,ple-c3M-s0@qio120-fellback-80,3,OK,v4-n200-w8,240,80000000,0,model: V=4096 D=128 L=6 H=4 F=1066 P=64  (mapped 15.6 MB),0.54,4469,36.3,38.3,200,39.42,5.07,196.6,2.9,38.8,136.8,5.8,12.3,-0.000
2026-08-10T05:47:57,C,ple-c3M-s0@qio120-fellback-80,4,OK,v4-n200-w8,240,80000000,0,model: V=4096 D=128 L=6 H=4 F=1066 P=64  (mapped 15.6 MB),0.54,4469,36.3,38.3,200,39.42,5.07,196.6,2.9,38.8,136.8,5.8,12.3,-0.000
2026-08-10T05:48:41,C,ple-c3M-s0@qio120-fellback-80,5,OK,v4-n200-w8,240,80000000,0,model: V=4096 D=128 L=6 H=4 F=1066 P=64  (mapped 15.6 MB),0.54,4469,36.3,38.3,200,39.42,5.07,196.6,2.9,38.8,136.8,5.8,12.3,-0.000
2026-08-10T05:50:11,C,ple-d256-s0@qio120-fellback-80,1,OK,v4-n200-w8,240,80000000,0,model: V=4096 D=128 L=6 H=4 F=223 P=256  (mapped 15.6 MB),0.54,4465,34.3,37.3,200,22.71,8.81,113.1,11.0,39.0,28.8,21.8,12.5,0.000
2026-08-10T05:50:37,C,ple-d256-s0@qio120-fellback-80,2,OK,v4-n200-w8,240,80000000,0,model: V=4096 D=128 L=6 H=4 F=223 P=256  (mapped 15.6 MB),0.54,4465,36.3,37.3,200,22.71,8.81,113.1,11.0,39.0,28.8,21.8,12.5,0.000
2026-08-10T05:51:04,C,ple-d256-s0@qio120-fellback-80,3,OK,v4-n200-w8,240,80000000,0,model: V=4096 D=128 L=6 H=4 F=223 P=256  (mapped 15.6 MB),0.54,4465,36.3,38.3,200,22.71,8.81,113.1,11.0,39.0,28.8,21.8,12.5,0.000
2026-08-10T05:51:30,C,ple-d256-s0@qio120-fellback-80,4,OK,v4-n200-w8,240,80000000,0,model: V=4096 D=128 L=6 H=4 F=223 P=256  (mapped 15.6 MB),0.54,4465,36.3,38.3,200,22.71,8.81,113.1,11.0,39.0,28.8,21.8,12.5,0.000
2026-08-10T05:51:57,C,ple-d256-s0@qio120-fellback-80,5,OK,v4-n200-w8,240,80000000,0,model: V=4096 D=128 L=6 H=4 F=223 P=256  (mapped 15.6 MB),0.54,4465,36.3,38.3,200,22.71,8.81,113.1,11.0,39.0,28.8,21.8,12.5,0.000
2026-08-10T05:56:18,C,ple-c1M-s0@cpu40,1,OK,v4-n200-w2,40,80000000,0,model: V=4096 D=128 L=6 H=4 F=198 P=64  (mapped 15.6 MB),0.54,4479,33.3,33.3,200,94.48,2.12,470.1,16.5,202.6,149.2,33.8,68.1,-0.100
2026-08-10T05:57:57,C,ple-c1M-s0@cpu40,2,OK,v4-n200-w2,40,80000000,0,model: V=4096 D=128 L=6 H=4 F=198 P=64  (mapped 15.6 MB),0.54,4479,32.3,33.3,200,94.49,2.12,470.1,16.5,202.6,149.2,33.8,68.1,-0.100
2026-08-10T05:59:39,C,ple-c1M-s0@cpu40,3,OK,v4-n200-w2,40,80000000,0,model: V=4096 D=128 L=6 H=4 F=198 P=64  (mapped 15.6 MB),0.54,4479,32.3,32.3,200,94.49,2.12,470.1,16.5,202.6,149.2,33.8,68.1,-0.100
2026-08-10T06:01:20,C,ple-c1M-s0@cpu40,4,OK,v4-n200-w2,40,80000000,0,model: V=4096 D=128 L=6 H=4 F=198 P=64  (mapped 15.6 MB),0.54,4479,32.3,32.3,200,94.48,2.12,470.1,16.5,202.6,149.2,33.8,68.1,-0.100
2026-08-10T06:03:00,C,ple-c1M-s0@cpu40,5,OK,v4-n200-w2,40,80000000,0,model: V=4096 D=128 L=6 H=4 F=198 P=64  (mapped 15.6 MB),0.54,4479,32.3,32.3,200,94.49,2.12,470.1,16.5,202.6,149.2,33.8,68.1,-0.100
2026-08-10T06:05:39,C,ple-d32-s0@cpu40,1,OK,v4-n200-w2,40,80000000,0,model: V=4096 D=128 L=6 H=4 F=447 P=32  (mapped 15.6 MB),0.54,4478,32.3,32.3,200,127.10,1.57,633.2,8.7,203.5,334.2,18.7,68.0,0.100
2026-08-10T06:07:54,C,ple-d32-s0@cpu40,2,OK,v4-n200-w2,40,80000000,0,model: V=4096 D=128 L=6 H=4 F=447 P=32  (mapped 15.6 MB),0.54,4478,32.3,32.3,200,127.10,1.57,633.2,8.7,203.5,334.2,18.7,68.0,0.100
2026-08-10T06:10:07,C,ple-d32-s0@cpu40,3,OK,v4-n200-w2,40,80000000,0,model: V=4096 D=128 L=6 H=4 F=447 P=32  (mapped 15.6 MB),0.54,4478,32.3,32.3,200,127.10,1.57,633.2,8.7,203.5,334.2,18.7,68.0,0.100
2026-08-10T06:12:22,C,ple-d32-s0@cpu40,4,OK,v4-n200-w2,40,80000000,0,model: V=4096 D=128 L=6 H=4 F=447 P=32  (mapped 15.6 MB),0.54,4478,32.3,32.3,200,127.10,1.57,633.2,8.7,203.5,334.2,18.7,68.0,0.100
2026-08-10T06:14:35,C,ple-d32-s0@cpu40,5,OK,v4-n200-w2,40,80000000,0,model: V=4096 D=128 L=6 H=4 F=447 P=32  (mapped 15.6 MB),0.54,4478,32.3,32.3,200,127.10,1.57,633.2,8.7,203.5,334.2,18.7,68.0,0.100
2026-08-10T06:17:24,C,ple-d64-s0@cpu40,1,OK,v4-n200-w2,40,80000000,0,model: V=4096 D=128 L=6 H=4 F=415 P=64  (mapped 15.6 MB),0.54,4476,32.3,32.3,200,128.04,1.56,637.9,16.5,208.8,310.8,33.9,68.0,-0.100
2026-08-10T06:19:40,C,ple-d64-s0@cpu40,2,OK,v4-n200-w2,40,80000000,0,model: V=4096 D=128 L=6 H=4 F=415 P=64  (mapped 15.6 MB),0.54,4476,32.3,32.3,200,128.04,1.56,637.9,16.5,208.8,310.8,33.9,68.0,-0.100
2026-08-10T06:21:53,C,ple-d64-s0@cpu40,3,OK,v4-n200-w2,40,80000000,0,model: V=4096 D=128 L=6 H=4 F=415 P=64  (mapped 15.6 MB),0.54,4476,32.3,32.3,200,128.04,1.56,637.9,16.5,208.8,310.8,33.9,68.0,-0.100
2026-08-10T06:24:11,C,ple-d64-s0@cpu40,4,OK,v4-n200-w2,40,80000000,0,model: V=4096 D=128 L=6 H=4 F=415 P=64  (mapped 15.6 MB),0.54,4476,32.3,32.3,200,128.04,1.56,637.9,16.5,208.8,310.8,33.9,68.0,-0.100
2026-08-10T06:26:25,C,ple-d64-s0@cpu40,5,OK,v4-n200-w2,40,80000000,0,model: V=4096 D=128 L=6 H=4 F=415 P=64  (mapped 15.6 MB),0.54,4476,32.3,32.3,200,128.04,1.56,637.9,16.5,208.8,310.8,33.9,68.0,-0.100
2026-08-10T06:29:05,C,ple-L4-s0@cpu40,1,OK,v4-n200-w2,40,80000000,0,model: V=4096 D=128 L=4 H=4 F=740 P=64  (mapped 15.6 MB),0.54,5498,32.3,32.3,200,122.11,1.64,608.3,11.2,139.1,367.4,22.6,68.0,0.000
2026-08-10T06:31:12,C,ple-L4-s0@cpu40,2,OK,v4-n200-w2,40,80000000,0,model: V=4096 D=128 L=4 H=4 F=740 P=64  (mapped 15.6 MB),0.54,5498,32.3,32.3,200,122.11,1.64,608.3,11.2,139.1,367.4,22.6,68.0,0.000
2026-08-10T06:33:20,C,ple-L4-s0@cpu40,3,OK,v4-n200-w2,40,80000000,0,model: V=4096 D=128 L=4 H=4 F=740 P=64  (mapped 15.6 MB),0.54,5498,32.3,32.3,200,122.11,1.64,608.2,11.2,139.1,367.4,22.6,68.0,-0.100
2026-08-10T06:35:28,C,ple-L4-s0@cpu40,4,OK,v4-n200-w2,40,80000000,0,model: V=4096 D=128 L=4 H=4 F=740 P=64  (mapped 15.6 MB),0.54,5498,32.3,32.3,200,122.11,1.64,608.3,11.2,139.1,367.4,22.6,68.0,0.000
2026-08-10T06:37:38,C,ple-L4-s0@cpu40,5,OK,v4-n200-w2,40,80000000,0,model: V=4096 D=128 L=4 H=4 F=740 P=64  (mapped 15.6 MB),0.54,5498,32.3,32.3,200,122.11,1.64,608.2,11.2,139.1,367.4,22.6,68.0,-0.100
2026-08-11T21:51:43,RNN,lstm-c1.5M-s0@cpu240,1,OK,rnn-v1-n200-w8,240,80000000,0,model: cell=LSTM V=4096 D=128 H=258 L=3  (mapped 15.6 MB),0.54,7611,33.3,36.3,200,19.78,10.11,98.5,0.0,36.0,48.4,1.8,12.3,0.000
2026-08-11T21:59:38,A,lstm-c1M-s0@cpu240,1,OK,rnn-v1-n200-w8,240,80000000,0,model: cell=LSTM V=4096 D=128 H=208 L=3  (mapped 15.6 MB),0.54,7614,34.3,36.3,200,14.08,14.21,70.0,0.0,24.3,31.9,1.4,12.3,0.100
2026-08-11T21:59:56,A,lstm-c1M-s0@cpu240,2,OK,rnn-v1-n200-w8,240,80000000,0,model: cell=LSTM V=4096 D=128 H=208 L=3  (mapped 15.6 MB),0.54,7614,35.3,37.3,200,14.08,14.21,70.0,0.0,24.3,31.9,1.4,12.3,0.100
2026-08-11T22:00:13,A,lstm-c1M-s0@cpu240,3,OK,rnn-v1-n200-w8,240,80000000,0,model: cell=LSTM V=4096 D=128 H=208 L=3  (mapped 15.6 MB),0.54,7614,36.3,37.3,200,14.08,14.21,70.0,0.0,24.3,31.9,1.4,12.3,0.100
2026-08-11T22:00:31,A,lstm-c1M-s0@cpu240,4,OK,rnn-v1-n200-w8,240,80000000,0,model: cell=LSTM V=4096 D=128 H=208 L=3  (mapped 15.6 MB),0.54,7614,36.3,37.3,200,14.08,14.21,70.0,0.0,24.3,31.9,1.4,12.3,0.100
2026-08-11T22:00:49,A,lstm-c1M-s0@cpu240,5,OK,rnn-v1-n200-w8,240,80000000,0,model: cell=LSTM V=4096 D=128 H=208 L=3  (mapped 15.6 MB),0.54,7614,36.3,38.3,200,14.08,14.21,70.0,0.0,24.3,31.9,1.4,12.3,0.100
2026-08-11T22:01:32,A,lstm-c1.5M-s0@cpu240,1,OK,rnn-v1-n200-w8,240,80000000,0,model: cell=LSTM V=4096 D=128 H=258 L=3  (mapped 15.6 MB),0.54,7611,35.3,37.3,200,19.78,10.11,98.5,0.0,36.0,48.3,1.8,12.3,0.100
2026-08-11T22:01:55,A,lstm-c1.5M-s0@cpu240,2,OK,rnn-v1-n200-w8,240,80000000,0,model: cell=LSTM V=4096 D=128 H=258 L=3  (mapped 15.6 MB),0.54,7611,36.3,38.3,200,19.78,10.11,98.5,0.0,36.0,48.3,1.8,12.3,0.100
2026-08-11T22:02:19,A,lstm-c1.5M-s0@cpu240,3,OK,rnn-v1-n200-w8,240,80000000,0,model: cell=LSTM V=4096 D=128 H=258 L=3  (mapped 15.6 MB),0.54,7611,36.3,38.3,200,19.78,10.11,98.5,0.0,36.0,48.4,1.8,12.3,0.000
2026-08-11T22:02:42,A,lstm-c1.5M-s0@cpu240,4,OK,rnn-v1-n200-w8,240,80000000,0,model: cell=LSTM V=4096 D=128 H=258 L=3  (mapped 15.6 MB),0.54,7611,36.3,38.3,200,19.78,10.11,98.5,0.0,36.0,48.3,1.8,12.3,0.100
2026-08-11T22:03:06,A,lstm-c1.5M-s0@cpu240,5,OK,rnn-v1-n200-w8,240,80000000,0,model: cell=LSTM V=4096 D=128 H=258 L=3  (mapped 15.6 MB),0.54,7611,36.3,38.3,200,19.78,10.11,98.5,0.0,36.0,48.4,1.8,12.3,0.000
2026-08-11T22:03:47,A,gru-c1.5M-s0@cpu240,1,OK,rnn-v1-n200-w8,240,80000000,0,model: cell=GRU V=4096 D=128 H=299 L=3  (mapped 15.6 MB),0.54,7614,36.3,38.3,200,19.20,10.41,95.6,0.0,34.9,46.5,2.1,12.2,-0.100
2026-08-11T22:04:10,A,gru-c1.5M-s0@cpu240,2,OK,rnn-v1-n200-w8,240,80000000,0,model: cell=GRU V=4096 D=128 H=299 L=3  (mapped 15.6 MB),0.54,7614,36.3,38.3,200,19.23,10.40,95.7,0.0,34.9,46.5,2.1,12.3,-0.100
2026-08-11T22:04:33,A,gru-c1.5M-s0@cpu240,3,OK,rnn-v1-n200-w8,240,80000000,0,model: cell=GRU V=4096 D=128 H=299 L=3  (mapped 15.6 MB),0.54,7614,36.3,38.3,200,19.23,10.40,95.7,0.0,34.9,46.5,2.1,12.3,-0.100
2026-08-11T22:04:56,A,gru-c1.5M-s0@cpu240,4,OK,rnn-v1-n200-w8,240,80000000,0,model: cell=GRU V=4096 D=128 H=299 L=3  (mapped 15.6 MB),0.54,7614,36.3,38.3,200,19.23,10.40,95.7,0.0,34.9,46.5,2.1,12.3,-0.100
2026-08-11T22:05:19,A,gru-c1.5M-s0@cpu240,5,OK,rnn-v1-n200-w8,240,80000000,0,model: cell=GRU V=4096 D=128 H=299 L=3  (mapped 15.6 MB),0.54,7614,37.3,38.3,200,19.23,10.40,95.7,0.0,34.9,46.5,2.1,12.3,-0.100
2026-08-11T22:06:28,A,lstm-c3M-s0@cpu240,1,OK,rnn-v1-n200-w8,240,80000000,0,model: cell=LSTM V=4096 D=128 H=371 L=3  (mapped 15.6 MB),0.54,7604,36.3,38.3,200,35.38,5.65,176.5,0.0,68.0,93.7,2.5,12.3,0.000
2026-08-11T22:07:07,A,lstm-c3M-s0@cpu240,2,OK,rnn-v1-n200-w8,240,80000000,0,model: cell=LSTM V=4096 D=128 H=371 L=3  (mapped 15.6 MB),0.54,7604,36.3,38.3,200,35.38,5.65,176.5,0.0,68.0,93.7,2.5,12.3,0.000
2026-08-11T22:07:47,A,lstm-c3M-s0@cpu240,3,OK,rnn-v1-n200-w8,240,80000000,0,model: cell=LSTM V=4096 D=128 H=371 L=3  (mapped 15.6 MB),0.54,7604,37.3,39.3,200,35.38,5.65,176.5,0.0,68.0,93.7,2.5,12.3,0.000
2026-08-11T22:08:26,A,lstm-c3M-s0@cpu240,4,OK,rnn-v1-n200-w8,240,80000000,0,model: cell=LSTM V=4096 D=128 H=371 L=3  (mapped 15.6 MB),0.54,7604,37.3,39.3,200,35.38,5.65,176.5,0.0,68.0,93.7,2.5,12.3,0.000
2026-08-11T22:09:06,A,lstm-c3M-s0@cpu240,5,OK,rnn-v1-n200-w8,240,80000000,0,model: cell=LSTM V=4096 D=128 H=371 L=3  (mapped 15.6 MB),0.54,7604,37.3,39.3,200,35.35,5.66,176.3,0.0,68.0,93.7,2.5,12.2,-0.100
2026-08-11T22:10:32,A,lstm-c1M-s0@cpu160,1,OK,rnn-v1-n200-w8,160,80000000,0,model: cell=LSTM V=4096 D=128 H=208 L=3  (mapped 15.6 MB),0.54,7614,35.3,36.3,200,19.92,10.04,99.1,0.0,34.5,45.7,2.0,16.8,0.100
2026-08-11T22:10:56,A,lstm-c1M-s0@cpu160,2,OK,rnn-v1-n200-w8,160,80000000,0,model: cell=LSTM V=4096 D=128 H=208 L=3  (mapped 15.6 MB),0.54,7614,36.3,36.3,200,19.92,10.04,99.1,0.0,34.5,45.7,2.0,16.8,0.100
2026-08-11T22:11:19,A,lstm-c1M-s0@cpu160,3,OK,rnn-v1-n200-w8,160,80000000,0,model: cell=LSTM V=4096 D=128 H=208 L=3  (mapped 15.6 MB),0.54,7614,36.3,37.3,200,19.92,10.04,99.1,0.0,34.5,45.7,2.0,16.8,0.100
2026-08-11T22:11:43,A,lstm-c1M-s0@cpu160,4,OK,rnn-v1-n200-w8,160,80000000,0,model: cell=LSTM V=4096 D=128 H=208 L=3  (mapped 15.6 MB),0.54,7614,36.3,37.3,200,19.92,10.04,99.1,0.0,34.5,45.7,2.0,16.8,0.100
2026-08-11T22:12:07,A,lstm-c1M-s0@cpu160,5,OK,rnn-v1-n200-w8,160,80000000,0,model: cell=LSTM V=4096 D=128 H=208 L=3  (mapped 15.6 MB),0.54,7614,36.3,37.3,200,19.92,10.04,99.1,0.0,34.5,45.7,2.0,16.8,0.100
2026-08-11T22:12:58,A,lstm-c1.5M-s0@cpu160,1,OK,rnn-v1-n200-w8,160,80000000,0,model: cell=LSTM V=4096 D=128 H=258 L=3  (mapped 15.6 MB),0.54,7611,35.3,36.3,200,28.08,7.12,139.9,0.0,51.3,69.2,2.5,16.8,0.100
2026-08-11T22:13:30,A,lstm-c1.5M-s0@cpu160,2,OK,rnn-v1-n200-w8,160,80000000,0,model: cell=LSTM V=4096 D=128 H=258 L=3  (mapped 15.6 MB),0.54,7611,36.3,36.3,200,28.08,7.12,139.9,0.0,51.3,69.2,2.5,16.8,0.100
2026-08-11T22:14:02,A,lstm-c1.5M-s0@cpu160,3,OK,rnn-v1-n200-w8,160,80000000,0,model: cell=LSTM V=4096 D=128 H=258 L=3  (mapped 15.6 MB),0.54,7611,36.3,37.3,200,28.08,7.12,139.9,0.0,51.3,69.2,2.5,16.8,0.100
2026-08-11T22:14:34,A,lstm-c1.5M-s0@cpu160,4,OK,rnn-v1-n200-w8,160,80000000,0,model: cell=LSTM V=4096 D=128 H=258 L=3  (mapped 15.6 MB),0.54,7611,36.3,36.3,200,28.08,7.12,139.9,0.0,51.3,69.2,2.5,16.8,0.100
2026-08-11T22:15:06,A,lstm-c1.5M-s0@cpu160,5,OK,rnn-v1-n200-w8,160,80000000,0,model: cell=LSTM V=4096 D=128 H=258 L=3  (mapped 15.6 MB),0.54,7611,36.3,37.3,200,28.08,7.12,139.9,0.0,51.3,69.2,2.5,16.8,0.100
2026-08-11T22:15:56,A,gru-c1.5M-s0@cpu160,1,OK,rnn-v1-n200-w8,160,80000000,0,model: cell=GRU V=4096 D=128 H=299 L=3  (mapped 15.6 MB),0.54,7614,35.3,36.3,200,27.27,7.33,135.8,0.0,49.6,66.5,2.9,16.8,0.000
2026-08-11T22:16:27,A,gru-c1.5M-s0@cpu160,2,OK,rnn-v1-n200-w8,160,80000000,0,model: cell=GRU V=4096 D=128 H=299 L=3  (mapped 15.6 MB),0.54,7614,36.3,37.3,200,27.27,7.33,135.8,0.0,49.6,66.5,2.9,16.8,0.000
2026-08-11T22:16:58,A,gru-c1.5M-s0@cpu160,3,OK,rnn-v1-n200-w8,160,80000000,0,model: cell=GRU V=4096 D=128 H=299 L=3  (mapped 15.6 MB),0.54,7614,36.3,37.3,200,27.27,7.33,135.8,0.0,49.6,66.5,2.9,16.8,0.000
2026-08-11T22:17:29,A,gru-c1.5M-s0@cpu160,4,OK,rnn-v1-n200-w8,160,80000000,0,model: cell=GRU V=4096 D=128 H=299 L=3  (mapped 15.6 MB),0.54,7614,36.3,37.3,200,27.27,7.33,135.8,0.0,49.6,66.5,2.9,16.8,0.000
2026-08-11T22:18:00,A,gru-c1.5M-s0@cpu160,5,OK,rnn-v1-n200-w8,160,80000000,0,model: cell=GRU V=4096 D=128 H=299 L=3  (mapped 15.6 MB),0.54,7614,36.3,37.3,200,27.27,7.33,135.8,0.0,49.6,66.5,2.9,16.8,0.000
2026-08-11T22:19:24,A,lstm-c3M-s0@cpu160,1,OK,rnn-v1-n200-w8,160,80000000,0,model: cell=LSTM V=4096 D=128 H=371 L=3  (mapped 15.6 MB),0.54,7604,35.3,37.3,200,50.32,3.97,251.1,0.0,96.7,134.0,3.6,16.8,0.000
2026-08-11T22:20:19,A,lstm-c3M-s0@cpu160,2,OK,rnn-v1-n200-w8,160,80000000,0,model: cell=LSTM V=4096 D=128 H=371 L=3  (mapped 15.6 MB),0.54,7604,36.3,37.3,200,50.32,3.97,251.1,0.0,96.7,134.0,3.6,16.8,0.000
2026-08-11T22:21:14,A,lstm-c3M-s0@cpu160,3,OK,rnn-v1-n200-w8,160,80000000,0,model: cell=LSTM V=4096 D=128 H=371 L=3  (mapped 15.6 MB),0.54,7604,36.3,37.3,200,50.32,3.97,251.1,0.0,96.7,134.0,3.6,16.8,0.000
2026-08-11T22:22:08,A,lstm-c3M-s0@cpu160,4,OK,rnn-v1-n200-w8,160,80000000,0,model: cell=LSTM V=4096 D=128 H=371 L=3  (mapped 15.6 MB),0.54,7604,36.3,37.3,200,50.32,3.97,251.1,0.0,96.7,134.0,3.6,16.8,0.000
2026-08-11T22:23:03,A,lstm-c3M-s0@cpu160,5,OK,rnn-v1-n200-w8,160,80000000,0,model: cell=LSTM V=4096 D=128 H=371 L=3  (mapped 15.6 MB),0.54,7604,36.3,37.3,200,50.32,3.97,251.1,0.0,96.7,134.0,3.6,16.8,0.000
2026-08-11T22:24:47,A,lstm-c1M-s0@cpu80,1,OK,rnn-v1-n200-w8,80,80000000,0,model: cell=LSTM V=4096 D=128 H=208 L=3  (mapped 15.6 MB),0.54,7614,34.3,35.3,200,37.81,5.29,188.2,0.0,65.7,87.3,3.9,31.3,0.000
2026-08-11T22:25:29,A,lstm-c1M-s0@cpu80,2,OK,rnn-v1-n200-w8,80,80000000,0,model: cell=LSTM V=4096 D=128 H=208 L=3  (mapped 15.6 MB),0.54,7614,34.3,35.3,200,37.81,5.29,188.2,0.0,65.7,87.3,3.9,31.3,0.000
2026-08-11T22:26:11,A,lstm-c1M-s0@cpu80,3,OK,rnn-v1-n200-w8,80,80000000,0,model: cell=LSTM V=4096 D=128 H=208 L=3  (mapped 15.6 MB),0.54,7614,34.3,35.3,200,37.81,5.29,188.2,0.0,65.7,87.3,3.9,31.3,0.000
2026-08-11T22:26:52,A,lstm-c1M-s0@cpu80,4,OK,rnn-v1-n200-w8,80,80000000,0,model: cell=LSTM V=4096 D=128 H=208 L=3  (mapped 15.6 MB),0.54,7614,34.3,35.3,200,37.81,5.29,188.2,0.0,65.7,87.3,3.9,31.3,0.000
2026-08-11T22:27:34,A,lstm-c1M-s0@cpu80,5,OK,rnn-v1-n200-w8,80,80000000,0,model: cell=LSTM V=4096 D=128 H=208 L=3  (mapped 15.6 MB),0.54,7614,34.3,35.3,200,37.81,5.29,188.2,0.0,65.7,87.3,3.9,31.3,0.000
2026-08-11T22:28:51,A,lstm-c1.5M-s0@cpu80,1,OK,rnn-v1-n200-w8,80,80000000,0,model: cell=LSTM V=4096 D=128 H=258 L=3  (mapped 15.6 MB),0.54,7611,34.3,35.3,200,53.40,3.75,266.1,0.0,97.6,132.4,4.9,31.3,-0.100
2026-08-11T22:29:49,A,lstm-c1.5M-s0@cpu80,2,OK,rnn-v1-n200-w8,80,80000000,0,model: cell=LSTM V=4096 D=128 H=258 L=3  (mapped 15.6 MB),0.54,7611,34.3,35.3,200,53.40,3.75,266.1,0.0,97.6,132.4,4.9,31.3,-0.100
2026-08-11T22:30:47,A,lstm-c1.5M-s0@cpu80,3,OK,rnn-v1-n200-w8,80,80000000,0,model: cell=LSTM V=4096 D=128 H=258 L=3  (mapped 15.6 MB),0.54,7611,34.3,35.3,200,53.40,3.75,266.1,0.0,97.6,132.4,4.9,31.3,-0.100
2026-08-11T22:31:45,A,lstm-c1.5M-s0@cpu80,4,OK,rnn-v1-n200-w8,80,80000000,0,model: cell=LSTM V=4096 D=128 H=258 L=3  (mapped 15.6 MB),0.54,7611,34.3,34.3,200,53.40,3.75,266.1,0.0,97.6,132.4,4.9,31.3,-0.100
2026-08-11T22:32:42,A,lstm-c1.5M-s0@cpu80,5,OK,rnn-v1-n200-w8,80,80000000,0,model: cell=LSTM V=4096 D=128 H=258 L=3  (mapped 15.6 MB),0.54,7611,34.3,35.3,200,53.40,3.75,266.1,0.0,97.6,132.4,4.9,31.3,-0.100
2026-08-11T22:33:57,A,gru-c1.5M-s0@cpu80,1,OK,rnn-v1-n200-w8,80,80000000,0,model: cell=GRU V=4096 D=128 H=299 L=3  (mapped 15.6 MB),0.54,7614,34.3,35.3,200,51.85,3.86,258.4,0.0,94.5,127.0,5.6,31.3,0.000
2026-08-11T22:34:54,A,gru-c1.5M-s0@cpu80,2,OK,rnn-v1-n200-w8,80,80000000,0,model: cell=GRU V=4096 D=128 H=299 L=3  (mapped 15.6 MB),0.54,7614,34.3,35.3,200,51.85,3.86,258.4,0.0,94.5,127.0,5.6,31.3,0.000
2026-08-11T22:35:50,A,gru-c1.5M-s0@cpu80,3,OK,rnn-v1-n200-w8,80,80000000,0,model: cell=GRU V=4096 D=128 H=299 L=3  (mapped 15.6 MB),0.54,7614,34.3,35.3,200,51.85,3.86,258.4,0.0,94.5,127.0,5.6,31.3,0.000
2026-08-11T22:36:46,A,gru-c1.5M-s0@cpu80,4,OK,rnn-v1-n200-w8,80,80000000,0,model: cell=GRU V=4096 D=128 H=299 L=3  (mapped 15.6 MB),0.54,7614,34.3,35.3,200,51.85,3.86,258.4,0.0,94.5,127.0,5.6,31.3,0.000
2026-08-11T22:37:43,A,gru-c1.5M-s0@cpu80,5,OK,rnn-v1-n200-w8,80,80000000,0,model: cell=GRU V=4096 D=128 H=299 L=3  (mapped 15.6 MB),0.54,7614,34.3,35.3,200,51.85,3.86,258.4,0.0,94.5,127.0,5.6,31.3,0.000
2026-08-11T22:39:53,A,lstm-c3M-s0@cpu80,1,OK,rnn-v1-n200-w8,80,80000000,0,model: cell=LSTM V=4096 D=128 H=371 L=3  (mapped 15.6 MB),0.54,7604,34.3,35.3,200,95.80,2.09,478.1,0.0,184.0,256.2,6.8,31.1,0.000
2026-08-11T22:41:34,A,lstm-c3M-s0@cpu80,2,OK,rnn-v1-n200-w8,80,80000000,0,model: cell=LSTM V=4096 D=128 H=371 L=3  (mapped 15.6 MB),0.54,7604,34.3,35.3,200,95.84,2.09,478.3,0.0,184.1,256.2,6.8,31.3,-0.100
2026-08-11T22:43:15,A,lstm-c3M-s0@cpu80,3,OK,rnn-v1-n200-w8,80,80000000,0,model: cell=LSTM V=4096 D=128 H=371 L=3  (mapped 15.6 MB),0.54,7604,34.3,35.3,200,95.84,2.09,478.3,0.0,184.1,256.2,6.8,31.3,-0.100
2026-08-11T22:44:56,A,lstm-c3M-s0@cpu80,4,OK,rnn-v1-n200-w8,80,80000000,0,model: cell=LSTM V=4096 D=128 H=371 L=3  (mapped 15.6 MB),0.54,7604,34.3,35.3,200,95.80,2.09,478.1,0.0,184.0,256.2,6.8,31.1,0.000
2026-08-11T22:46:37,A,lstm-c3M-s0@cpu80,5,OK,rnn-v1-n200-w8,80,80000000,0,model: cell=LSTM V=4096 D=128 H=371 L=3  (mapped 15.6 MB),0.54,7604,34.3,34.3,200,95.84,2.09,478.3,0.0,184.1,256.2,6.8,31.3,-0.100
2026-08-11T22:47:57,A,lstm-c1M-s0@n100,1,OK,rnn-v1-n100-w8,240,80000000,0,model: cell=LSTM V=4096 D=128 H=208 L=3  (mapped 15.6 MB),0.54,7614,34.3,36.3,100,7.03,14.23,69.9,0.0,24.3,31.9,1.4,12.2,0.100
2026-08-11T22:48:07,A,lstm-c1M-s0@n100,2,OK,rnn-v1-n100-w8,240,80000000,0,model: cell=LSTM V=4096 D=128 H=208 L=3  (mapped 15.6 MB),0.54,7614,35.3,37.3,100,7.04,14.21,70.0,0.0,24.3,31.9,1.4,12.3,0.100
2026-08-11T22:48:18,A,lstm-c1M-s0@n100,3,OK,rnn-v1-n100-w8,240,80000000,0,model: cell=LSTM V=4096 D=128 H=208 L=3  (mapped 15.6 MB),0.54,7614,35.3,37.3,100,7.03,14.23,69.9,0.0,24.3,31.9,1.4,12.2,0.100
2026-08-11T22:48:29,A,lstm-c1M-s0@n100,4,OK,rnn-v1-n100-w8,240,80000000,0,model: cell=LSTM V=4096 D=128 H=208 L=3  (mapped 15.6 MB),0.54,7614,36.3,37.3,100,7.04,14.21,70.0,0.0,24.3,31.9,1.4,12.3,0.100
2026-08-11T22:48:39,A,lstm-c1M-s0@n100,5,OK,rnn-v1-n100-w8,240,80000000,0,model: cell=LSTM V=4096 D=128 H=208 L=3  (mapped 15.6 MB),0.54,7614,36.3,37.3,100,7.04,14.21,70.0,0.0,24.3,31.9,1.4,12.3,0.100
2026-08-11T22:49:11,A,lstm-c1.5M-s0@n100,1,OK,rnn-v1-n100-w8,240,80000000,0,model: cell=LSTM V=4096 D=128 H=258 L=3  (mapped 15.6 MB),0.54,7611,35.3,37.3,100,9.89,10.11,98.5,0.0,36.0,48.3,1.8,12.3,0.100
2026-08-11T22:49:25,A,lstm-c1.5M-s0@n100,2,OK,rnn-v1-n100-w8,240,80000000,0,model: cell=LSTM V=4096 D=128 H=258 L=3  (mapped 15.6 MB),0.54,7611,36.3,37.3,100,9.88,10.12,98.4,0.0,36.0,48.3,1.8,12.2,0.100
2026-08-11T22:49:39,A,lstm-c1.5M-s0@n100,3,OK,rnn-v1-n100-w8,240,80000000,0,model: cell=LSTM V=4096 D=128 H=258 L=3  (mapped 15.6 MB),0.54,7611,36.3,37.3,100,9.88,10.12,98.4,0.0,36.0,48.3,1.8,12.2,0.100
2026-08-11T22:49:52,A,lstm-c1.5M-s0@n100,4,OK,rnn-v1-n100-w8,240,80000000,0,model: cell=LSTM V=4096 D=128 H=258 L=3  (mapped 15.6 MB),0.54,7611,36.3,37.3,100,9.89,10.11,98.5,0.0,36.0,48.3,1.8,12.3,0.100
2026-08-11T22:50:06,A,lstm-c1.5M-s0@n100,5,OK,rnn-v1-n100-w8,240,80000000,0,model: cell=LSTM V=4096 D=128 H=258 L=3  (mapped 15.6 MB),0.54,7611,36.3,38.3,100,9.89,10.11,98.5,0.0,36.0,48.3,1.8,12.3,0.100
2026-08-11T22:50:57,A,lstm-c3M-s0@n100,1,OK,rnn-v1-n100-w8,240,80000000,0,model: cell=LSTM V=4096 D=128 H=371 L=3  (mapped 15.6 MB),0.54,7604,35.3,37.3,100,17.69,5.65,176.5,0.0,68.0,93.7,2.5,12.3,0.000
2026-08-11T22:51:19,A,lstm-c3M-s0@n100,2,OK,rnn-v1-n100-w8,240,80000000,0,model: cell=LSTM V=4096 D=128 H=371 L=3  (mapped 15.6 MB),0.54,7604,36.3,38.3,100,17.69,5.65,176.5,0.0,68.0,93.7,2.5,12.3,0.000
2026-08-11T22:51:40,A,lstm-c3M-s0@n100,3,OK,rnn-v1-n100-w8,240,80000000,0,model: cell=LSTM V=4096 D=128 H=371 L=3  (mapped 15.6 MB),0.54,7604,36.3,38.3,100,17.69,5.65,176.5,0.0,68.0,93.7,2.5,12.3,0.000
2026-08-11T22:52:02,A,lstm-c3M-s0@n100,4,OK,rnn-v1-n100-w8,240,80000000,0,model: cell=LSTM V=4096 D=128 H=371 L=3  (mapped 15.6 MB),0.54,7604,36.3,38.3,100,17.68,5.66,176.3,0.0,68.0,93.7,2.5,12.2,-0.100
2026-08-11T22:52:24,A,lstm-c3M-s0@n100,5,OK,rnn-v1-n100-w8,240,80000000,0,model: cell=LSTM V=4096 D=128 H=371 L=3  (mapped 15.6 MB),0.54,7604,36.3,38.3,100,17.68,5.66,176.3,0.0,68.0,93.7,2.5,12.2,-0.100
2026-08-11T22:53:58,A,lstm-c1M-s0@n400,1,OK,rnn-v1-n400-w8,240,80000000,0,model: cell=LSTM V=4096 D=128 H=208 L=3  (mapped 15.6 MB),0.54,7614,35.3,38.3,400,28.15,14.21,70.0,0.0,24.3,31.9,1.4,12.3,0.100
2026-08-11T22:54:29,A,lstm-c1M-s0@n400,2,OK,rnn-v1-n400-w8,240,80000000,0,model: cell=LSTM V=4096 D=128 H=208 L=3  (mapped 15.6 MB),0.54,7614,36.3,38.3,400,28.15,14.21,70.0,0.0,24.3,31.9,1.4,12.3,0.100
2026-08-11T22:55:01,A,lstm-c1M-s0@n400,3,OK,rnn-v1-n400-w8,240,80000000,0,model: cell=LSTM V=4096 D=128 H=208 L=3  (mapped 15.6 MB),0.54,7614,36.3,38.3,400,28.15,14.21,70.0,0.0,24.3,31.9,1.4,12.3,0.100
2026-08-11T22:55:33,A,lstm-c1M-s0@n400,4,OK,rnn-v1-n400-w8,240,80000000,0,model: cell=LSTM V=4096 D=128 H=208 L=3  (mapped 15.6 MB),0.54,7614,36.3,38.3,400,28.11,14.23,69.9,0.0,24.3,31.9,1.4,12.2,0.100
2026-08-11T22:56:05,A,lstm-c1M-s0@n400,5,OK,rnn-v1-n400-w8,240,80000000,0,model: cell=LSTM V=4096 D=128 H=208 L=3  (mapped 15.6 MB),0.54,7614,36.3,39.3,400,28.15,14.21,70.0,0.0,24.3,31.9,1.4,12.3,0.100
2026-08-11T22:57:07,A,lstm-c1.5M-s0@n400,1,OK,rnn-v1-n400-w8,240,80000000,0,model: cell=LSTM V=4096 D=128 H=258 L=3  (mapped 15.6 MB),0.54,7611,36.3,38.3,400,39.56,10.11,98.5,0.0,36.0,48.4,1.8,12.3,0.000
2026-08-11T22:57:50,A,lstm-c1.5M-s0@n400,2,OK,rnn-v1-n400-w8,240,80000000,0,model: cell=LSTM V=4096 D=128 H=258 L=3  (mapped 15.6 MB),0.54,7611,37.3,38.3,400,39.56,10.11,98.5,0.0,36.0,48.4,1.8,12.3,0.000
2026-08-11T22:58:33,A,lstm-c1.5M-s0@n400,3,OK,rnn-v1-n400-w8,240,80000000,0,model: cell=LSTM V=4096 D=128 H=258 L=3  (mapped 15.6 MB),0.54,7611,37.3,39.3,400,39.56,10.11,98.5,0.0,36.0,48.4,1.8,12.3,0.000
2026-08-11T22:59:17,A,lstm-c1.5M-s0@n400,4,OK,rnn-v1-n400-w8,240,80000000,0,model: cell=LSTM V=4096 D=128 H=258 L=3  (mapped 15.6 MB),0.54,7611,37.3,39.3,400,39.56,10.11,98.5,0.0,36.0,48.4,1.8,12.3,0.000
2026-08-11T23:00:00,A,lstm-c1.5M-s0@n400,5,OK,rnn-v1-n400-w8,240,80000000,0,model: cell=LSTM V=4096 D=128 H=258 L=3  (mapped 15.6 MB),0.54,7611,37.3,38.3,400,39.56,10.11,98.5,0.0,36.0,48.4,1.8,12.3,0.000
2026-08-11T23:01:44,A,lstm-c3M-s0@n400,1,OK,rnn-v1-n400-w8,240,80000000,0,model: cell=LSTM V=4096 D=128 H=371 L=3  (mapped 15.6 MB),0.54,7604,36.3,38.3,400,70.70,5.66,176.3,0.0,68.0,93.7,2.5,12.2,-0.100
2026-08-11T23:02:59,A,lstm-c3M-s0@n400,2,OK,rnn-v1-n400-w8,240,80000000,0,model: cell=LSTM V=4096 D=128 H=371 L=3  (mapped 15.6 MB),0.54,7604,37.3,39.3,400,70.76,5.65,176.5,0.0,68.0,93.7,2.5,12.3,0.000
2026-08-11T23:04:14,A,lstm-c3M-s0@n400,3,OK,rnn-v1-n400-w8,240,80000000,0,model: cell=LSTM V=4096 D=128 H=371 L=3  (mapped 15.6 MB),0.54,7604,37.3,39.3,400,70.76,5.65,176.5,0.0,68.0,93.7,2.5,12.3,0.000
2026-08-11T23:05:29,A,lstm-c3M-s0@n400,4,OK,rnn-v1-n400-w8,240,80000000,0,model: cell=LSTM V=4096 D=128 H=371 L=3  (mapped 15.6 MB),0.54,7604,37.3,39.3,400,70.76,5.65,176.5,0.0,68.0,93.7,2.5,12.3,0.000
2026-08-11T23:06:43,A,lstm-c3M-s0@n400,5,OK,rnn-v1-n400-w8,240,80000000,0,model: cell=LSTM V=4096 D=128 H=371 L=3  (mapped 15.6 MB),0.54,7604,37.3,39.3,400,70.76,5.65,176.5,0.0,68.0,93.7,2.5,12.3,0.000
2026-08-12T12:00:05,B,lstm-c1M-s0@cpu240,1,OK,rnn-v1-n200-w8,240,80000000,0,model: cell=LSTM V=4096 D=128 H=208 L=3  (mapped 15.6 MB),0.54,7614,34.3,36.3,200,14.08,14.21,70.0,0.0,24.3,31.9,1.4,12.3,0.100
2026-08-12T12:00:22,B,lstm-c1M-s0@cpu240,2,OK,rnn-v1-n200-w8,240,80000000,0,model: cell=LSTM V=4096 D=128 H=208 L=3  (mapped 15.6 MB),0.54,7614,35.3,37.3,200,14.08,14.21,70.0,0.0,24.3,31.9,1.4,12.3,0.100
2026-08-12T12:00:40,B,lstm-c1M-s0@cpu240,3,OK,rnn-v1-n200-w8,240,80000000,0,model: cell=LSTM V=4096 D=128 H=208 L=3  (mapped 15.6 MB),0.54,7614,36.3,37.3,200,14.08,14.21,70.0,0.0,24.3,31.9,1.4,12.3,0.100
2026-08-12T12:00:58,B,lstm-c1M-s0@cpu240,4,OK,rnn-v1-n200-w8,240,80000000,0,model: cell=LSTM V=4096 D=128 H=208 L=3  (mapped 15.6 MB),0.54,7614,36.3,37.3,200,14.08,14.21,70.0,0.0,24.3,31.9,1.4,12.3,0.100
2026-08-12T12:01:16,B,lstm-c1M-s0@cpu240,5,OK,rnn-v1-n200-w8,240,80000000,0,model: cell=LSTM V=4096 D=128 H=208 L=3  (mapped 15.6 MB),0.54,7614,36.3,38.3,200,14.08,14.21,70.0,0.0,24.3,31.9,1.4,12.3,0.100
2026-08-12T12:01:58,B,lstm-c1.5M-s0@cpu240,1,OK,rnn-v1-n200-w8,240,80000000,0,model: cell=LSTM V=4096 D=128 H=258 L=3  (mapped 15.6 MB),0.54,7611,35.3,37.3,200,19.78,10.11,98.5,0.0,36.0,48.4,1.8,12.3,0.000
2026-08-12T12:02:21,B,lstm-c1.5M-s0@cpu240,2,OK,rnn-v1-n200-w8,240,80000000,0,model: cell=LSTM V=4096 D=128 H=258 L=3  (mapped 15.6 MB),0.54,7611,36.3,38.3,200,19.78,10.11,98.5,0.0,36.0,48.4,1.8,12.3,0.000
2026-08-12T12:02:45,B,lstm-c1.5M-s0@cpu240,3,OK,rnn-v1-n200-w8,240,80000000,0,model: cell=LSTM V=4096 D=128 H=258 L=3  (mapped 15.6 MB),0.54,7611,36.3,38.3,200,19.78,10.11,98.5,0.0,36.0,48.4,1.8,12.3,0.000
2026-08-12T12:03:08,B,lstm-c1.5M-s0@cpu240,4,OK,rnn-v1-n200-w8,240,80000000,0,model: cell=LSTM V=4096 D=128 H=258 L=3  (mapped 15.6 MB),0.54,7611,36.3,38.3,200,19.76,10.12,98.4,0.0,36.0,48.3,1.8,12.2,0.100
2026-08-12T12:03:32,B,lstm-c1.5M-s0@cpu240,5,OK,rnn-v1-n200-w8,240,80000000,0,model: cell=LSTM V=4096 D=128 H=258 L=3  (mapped 15.6 MB),0.54,7611,37.3,38.3,200,19.78,10.11,98.5,0.0,36.0,48.4,1.8,12.3,0.000
2026-08-12T12:04:14,B,gru-c1.5M-s0@cpu240,1,OK,rnn-v1-n200-w8,240,80000000,0,model: cell=GRU V=4096 D=128 H=299 L=3  (mapped 15.6 MB),0.54,7614,36.3,38.3,200,19.23,10.40,95.7,0.0,34.9,46.5,2.1,12.3,-0.100
2026-08-12T12:04:37,B,gru-c1.5M-s0@cpu240,2,OK,rnn-v1-n200-w8,240,80000000,0,model: cell=GRU V=4096 D=128 H=299 L=3  (mapped 15.6 MB),0.54,7614,36.3,38.3,200,19.23,10.40,95.7,0.0,34.9,46.5,2.1,12.3,-0.100
2026-08-12T12:04:59,B,gru-c1.5M-s0@cpu240,3,OK,rnn-v1-n200-w8,240,80000000,0,model: cell=GRU V=4096 D=128 H=299 L=3  (mapped 15.6 MB),0.54,7614,36.3,38.3,200,19.23,10.40,95.7,0.0,34.9,46.5,2.1,12.3,-0.100
2026-08-12T12:05:22,B,gru-c1.5M-s0@cpu240,4,OK,rnn-v1-n200-w8,240,80000000,0,model: cell=GRU V=4096 D=128 H=299 L=3  (mapped 15.6 MB),0.54,7614,37.3,38.3,200,19.23,10.40,95.7,0.0,34.9,46.5,2.1,12.3,-0.100
2026-08-12T12:05:45,B,gru-c1.5M-s0@cpu240,5,OK,rnn-v1-n200-w8,240,80000000,0,model: cell=GRU V=4096 D=128 H=299 L=3  (mapped 15.6 MB),0.54,7614,37.3,38.3,200,19.23,10.40,95.7,0.0,34.9,46.5,2.1,12.3,-0.100
2026-08-12T12:06:55,B,lstm-c3M-s0@cpu240,1,OK,rnn-v1-n200-w8,240,80000000,0,model: cell=LSTM V=4096 D=128 H=371 L=3  (mapped 15.6 MB),0.54,7604,36.3,38.3,200,35.38,5.65,176.5,0.0,68.0,93.7,2.5,12.3,0.000
2026-08-12T12:07:34,B,lstm-c3M-s0@cpu240,2,OK,rnn-v1-n200-w8,240,80000000,0,model: cell=LSTM V=4096 D=128 H=371 L=3  (mapped 15.6 MB),0.54,7604,36.3,38.3,200,35.38,5.65,176.5,0.0,68.0,93.7,2.5,12.3,0.000
2026-08-12T12:08:14,B,lstm-c3M-s0@cpu240,3,OK,rnn-v1-n200-w8,240,80000000,0,model: cell=LSTM V=4096 D=128 H=371 L=3  (mapped 15.6 MB),0.54,7604,37.3,38.3,200,35.38,5.65,176.5,0.0,68.0,93.7,2.5,12.3,0.000
2026-08-12T12:08:53,B,lstm-c3M-s0@cpu240,4,OK,rnn-v1-n200-w8,240,80000000,0,model: cell=LSTM V=4096 D=128 H=371 L=3  (mapped 15.6 MB),0.54,7604,37.3,39.3,200,35.38,5.65,176.5,0.0,68.0,93.7,2.5,12.3,0.000
2026-08-12T12:09:33,B,lstm-c3M-s0@cpu240,5,OK,rnn-v1-n200-w8,240,80000000,0,model: cell=LSTM V=4096 D=128 H=371 L=3  (mapped 15.6 MB),0.54,7604,37.3,39.3,200,35.38,5.65,176.5,0.0,68.0,93.7,2.5,12.3,0.000
2026-08-12T12:10:43,B,lstm-c1M-s0@cpu160,1,OK,rnn-v1-n200-w8,160,80000000,0,model: cell=LSTM V=4096 D=128 H=208 L=3  (mapped 15.6 MB),0.54,7614,35.3,36.3,200,19.92,10.04,99.1,0.0,34.5,45.7,2.0,16.8,0.100
2026-08-12T12:11:07,B,lstm-c1M-s0@cpu160,2,OK,rnn-v1-n200-w8,160,80000000,0,model: cell=LSTM V=4096 D=128 H=208 L=3  (mapped 15.6 MB),0.54,7614,36.3,37.3,200,19.92,10.04,99.1,0.0,34.5,45.7,2.0,16.8,0.100
2026-08-12T12:11:31,B,lstm-c1M-s0@cpu160,3,OK,rnn-v1-n200-w8,160,80000000,0,model: cell=LSTM V=4096 D=128 H=208 L=3  (mapped 15.6 MB),0.54,7614,36.3,37.3,200,19.92,10.04,99.1,0.0,34.5,45.7,2.0,16.8,0.100
2026-08-12T12:11:54,B,lstm-c1M-s0@cpu160,4,OK,rnn-v1-n200-w8,160,80000000,0,model: cell=LSTM V=4096 D=128 H=208 L=3  (mapped 15.6 MB),0.54,7614,36.3,37.3,200,19.91,10.05,99.0,0.0,34.5,45.6,2.0,16.8,0.100
2026-08-12T12:12:18,B,lstm-c1M-s0@cpu160,5,OK,rnn-v1-n200-w8,160,80000000,0,model: cell=LSTM V=4096 D=128 H=208 L=3  (mapped 15.6 MB),0.54,7614,36.3,36.3,200,19.92,10.04,99.1,0.0,34.5,45.7,2.0,16.8,0.100
2026-08-12T12:13:09,B,lstm-c1.5M-s0@cpu160,1,OK,rnn-v1-n200-w8,160,80000000,0,model: cell=LSTM V=4096 D=128 H=258 L=3  (mapped 15.6 MB),0.54,7611,35.3,36.3,200,28.06,7.13,139.8,0.0,51.3,69.2,2.5,16.8,0.000
2026-08-12T12:13:41,B,lstm-c1.5M-s0@cpu160,2,OK,rnn-v1-n200-w8,160,80000000,0,model: cell=LSTM V=4096 D=128 H=258 L=3  (mapped 15.6 MB),0.54,7611,36.3,36.3,200,28.06,7.13,139.8,0.0,51.3,69.2,2.5,16.8,0.000
2026-08-12T12:14:13,B,lstm-c1.5M-s0@cpu160,3,OK,rnn-v1-n200-w8,160,80000000,0,model: cell=LSTM V=4096 D=128 H=258 L=3  (mapped 15.6 MB),0.54,7611,36.3,36.3,200,28.08,7.12,139.9,0.0,51.3,69.2,2.5,16.8,0.100
2026-08-12T12:14:45,B,lstm-c1.5M-s0@cpu160,4,OK,rnn-v1-n200-w8,160,80000000,0,model: cell=LSTM V=4096 D=128 H=258 L=3  (mapped 15.6 MB),0.54,7611,36.3,36.3,200,28.06,7.13,139.8,0.0,51.3,69.2,2.5,16.8,0.000
2026-08-12T12:15:17,B,lstm-c1.5M-s0@cpu160,5,OK,rnn-v1-n200-w8,160,80000000,0,model: cell=LSTM V=4096 D=128 H=258 L=3  (mapped 15.6 MB),0.54,7611,36.3,36.3,200,28.08,7.12,139.9,0.0,51.3,69.2,2.5,16.8,0.100
2026-08-12T12:16:07,B,gru-c1.5M-s0@cpu160,1,OK,rnn-v1-n200-w8,160,80000000,0,model: cell=GRU V=4096 D=128 H=299 L=3  (mapped 15.6 MB),0.54,7614,35.3,36.3,200,27.27,7.33,135.8,0.0,49.6,66.5,2.9,16.8,0.000
2026-08-12T12:16:38,B,gru-c1.5M-s0@cpu160,2,OK,rnn-v1-n200-w8,160,80000000,0,model: cell=GRU V=4096 D=128 H=299 L=3  (mapped 15.6 MB),0.54,7614,36.3,36.3,200,27.25,7.34,135.7,0.0,49.6,66.4,2.9,16.7,0.100
2026-08-12T12:17:10,B,gru-c1.5M-s0@cpu160,3,OK,rnn-v1-n200-w8,160,80000000,0,model: cell=GRU V=4096 D=128 H=299 L=3  (mapped 15.6 MB),0.54,7614,36.3,36.3,200,27.27,7.33,135.8,0.0,49.6,66.5,2.9,16.8,0.000
2026-08-12T12:17:41,B,gru-c1.5M-s0@cpu160,4,OK,rnn-v1-n200-w8,160,80000000,0,model: cell=GRU V=4096 D=128 H=299 L=3  (mapped 15.6 MB),0.54,7614,36.3,36.3,200,27.25,7.34,135.7,0.0,49.6,66.4,2.9,16.7,0.100
2026-08-12T12:18:12,B,gru-c1.5M-s0@cpu160,5,OK,rnn-v1-n200-w8,160,80000000,0,model: cell=GRU V=4096 D=128 H=299 L=3  (mapped 15.6 MB),0.54,7614,36.3,36.3,200,27.27,7.33,135.8,0.0,49.6,66.5,2.9,16.8,0.000
2026-08-12T12:19:37,B,lstm-c3M-s0@cpu160,1,OK,rnn-v1-n200-w8,160,80000000,0,model: cell=LSTM V=4096 D=128 H=371 L=3  (mapped 15.6 MB),0.54,7604,35.3,36.3,200,50.32,3.97,251.1,0.0,96.7,134.0,3.6,16.8,0.000
2026-08-12T12:20:31,B,lstm-c3M-s0@cpu160,2,OK,rnn-v1-n200-w8,160,80000000,0,model: cell=LSTM V=4096 D=128 H=371 L=3  (mapped 15.6 MB),0.54,7604,36.3,36.3,200,50.32,3.97,251.1,0.0,96.7,134.0,3.6,16.8,0.000
2026-08-12T12:21:26,B,lstm-c3M-s0@cpu160,3,OK,rnn-v1-n200-w8,160,80000000,0,model: cell=LSTM V=4096 D=128 H=371 L=3  (mapped 15.6 MB),0.54,7604,36.3,36.3,200,50.30,3.98,251.0,0.0,96.7,134.0,3.6,16.7,0.000
2026-08-12T12:22:21,B,lstm-c3M-s0@cpu160,4,OK,rnn-v1-n200-w8,160,80000000,0,model: cell=LSTM V=4096 D=128 H=371 L=3  (mapped 15.6 MB),0.54,7604,36.3,36.3,200,50.30,3.98,251.0,0.0,96.7,134.0,3.6,16.7,0.000
2026-08-12T12:23:15,B,lstm-c3M-s0@cpu160,5,OK,rnn-v1-n200-w8,160,80000000,0,model: cell=LSTM V=4096 D=128 H=371 L=3  (mapped 15.6 MB),0.54,7604,36.3,36.3,200,50.32,3.97,251.1,0.0,96.7,134.0,3.6,16.8,0.000
2026-08-12T12:24:36,B,lstm-c1M-s0@cpu80,1,OK,rnn-v1-n200-w8,80,80000000,0,model: cell=LSTM V=4096 D=128 H=208 L=3  (mapped 15.6 MB),0.54,7614,34.3,35.3,200,37.77,5.30,188.0,0.0,65.7,87.3,3.9,31.1,0.000
2026-08-12T12:25:18,B,lstm-c1M-s0@cpu80,2,OK,rnn-v1-n200-w8,80,80000000,0,model: cell=LSTM V=4096 D=128 H=208 L=3  (mapped 15.6 MB),0.54,7614,34.3,35.3,200,37.77,5.30,188.0,0.0,65.7,87.3,3.9,31.1,0.000
2026-08-12T12:26:00,B,lstm-c1M-s0@cpu80,3,OK,rnn-v1-n200-w8,80,80000000,0,model: cell=LSTM V=4096 D=128 H=208 L=3  (mapped 15.6 MB),0.54,7614,34.3,35.3,200,37.81,5.29,188.2,0.0,65.7,87.3,3.9,31.3,0.000
2026-08-12T12:26:42,B,lstm-c1M-s0@cpu80,4,OK,rnn-v1-n200-w8,80,80000000,0,model: cell=LSTM V=4096 D=128 H=208 L=3  (mapped 15.6 MB),0.54,7614,34.3,35.3,200,37.81,5.29,188.2,0.0,65.7,87.3,3.9,31.3,0.000
2026-08-12T12:27:24,B,lstm-c1M-s0@cpu80,5,OK,rnn-v1-n200-w8,80,80000000,0,model: cell=LSTM V=4096 D=128 H=208 L=3  (mapped 15.6 MB),0.54,7614,34.3,35.3,200,37.81,5.29,188.2,0.0,65.7,87.3,3.9,31.3,0.000
2026-08-12T12:28:40,B,lstm-c1.5M-s0@cpu80,1,OK,rnn-v1-n200-w8,80,80000000,0,model: cell=LSTM V=4096 D=128 H=258 L=3  (mapped 15.6 MB),0.54,7611,34.3,35.3,200,53.36,3.75,266.0,0.0,97.6,132.4,4.9,31.1,0.000
2026-08-12T12:29:38,B,lstm-c1.5M-s0@cpu80,2,OK,rnn-v1-n200-w8,80,80000000,0,model: cell=LSTM V=4096 D=128 H=258 L=3  (mapped 15.6 MB),0.54,7611,34.3,35.3,200,53.36,3.75,266.0,0.0,97.6,132.4,4.9,31.1,0.000
2026-08-12T12:30:36,B,lstm-c1.5M-s0@cpu80,3,OK,rnn-v1-n200-w8,80,80000000,0,model: cell=LSTM V=4096 D=128 H=258 L=3  (mapped 15.6 MB),0.54,7611,34.3,35.3,200,53.36,3.75,266.0,0.0,97.6,132.4,4.9,31.1,0.000
2026-08-12T12:31:34,B,lstm-c1.5M-s0@cpu80,4,OK,rnn-v1-n200-w8,80,80000000,0,model: cell=LSTM V=4096 D=128 H=258 L=3  (mapped 15.6 MB),0.54,7611,34.3,35.3,200,53.40,3.75,266.1,0.0,97.6,132.4,4.9,31.3,-0.100
2026-08-12T12:32:32,B,lstm-c1.5M-s0@cpu80,5,OK,rnn-v1-n200-w8,80,80000000,0,model: cell=LSTM V=4096 D=128 H=258 L=3  (mapped 15.6 MB),0.54,7611,34.3,35.3,200,53.40,3.75,266.1,0.0,97.6,132.4,4.9,31.3,-0.100
2026-08-12T12:33:47,B,gru-c1.5M-s0@cpu80,1,OK,rnn-v1-n200-w8,80,80000000,0,model: cell=GRU V=4096 D=128 H=299 L=3  (mapped 15.6 MB),0.54,7614,34.3,35.3,200,51.85,3.86,258.4,0.0,94.5,127.0,5.6,31.3,0.000
2026-08-12T12:34:43,B,gru-c1.5M-s0@cpu80,2,OK,rnn-v1-n200-w8,80,80000000,0,model: cell=GRU V=4096 D=128 H=299 L=3  (mapped 15.6 MB),0.54,7614,34.3,35.3,200,51.81,3.86,258.2,0.0,94.5,127.0,5.6,31.1,0.000
2026-08-12T12:35:39,B,gru-c1.5M-s0@cpu80,3,OK,rnn-v1-n200-w8,80,80000000,0,model: cell=GRU V=4096 D=128 H=299 L=3  (mapped 15.6 MB),0.54,7614,34.3,35.3,200,51.81,3.86,258.2,0.0,94.5,127.0,5.6,31.1,0.000
2026-08-12T12:36:36,B,gru-c1.5M-s0@cpu80,4,OK,rnn-v1-n200-w8,80,80000000,0,model: cell=GRU V=4096 D=128 H=299 L=3  (mapped 15.6 MB),0.54,7614,34.3,35.3,200,51.81,3.86,258.2,0.0,94.5,127.0,5.6,31.1,0.000
2026-08-12T12:37:32,B,gru-c1.5M-s0@cpu80,5,OK,rnn-v1-n200-w8,80,80000000,0,model: cell=GRU V=4096 D=128 H=299 L=3  (mapped 15.6 MB),0.54,7614,34.3,35.3,200,51.85,3.86,258.4,0.0,94.5,127.0,5.6,31.3,0.000
2026-08-12T12:39:42,B,lstm-c3M-s0@cpu80,1,OK,rnn-v1-n200-w8,80,80000000,0,model: cell=LSTM V=4096 D=128 H=371 L=3  (mapped 15.6 MB),0.54,7604,34.3,35.3,200,95.84,2.09,478.3,0.0,184.1,256.2,6.8,31.3,-0.100
2026-08-12T12:41:23,B,lstm-c3M-s0@cpu80,2,OK,rnn-v1-n200-w8,80,80000000,0,model: cell=LSTM V=4096 D=128 H=371 L=3  (mapped 15.6 MB),0.54,7604,34.3,35.3,200,95.80,2.09,478.1,0.0,184.0,256.2,6.8,31.1,0.000
2026-08-12T12:43:04,B,lstm-c3M-s0@cpu80,3,OK,rnn-v1-n200-w8,80,80000000,0,model: cell=LSTM V=4096 D=128 H=371 L=3  (mapped 15.6 MB),0.54,7604,34.3,34.3,200,95.84,2.09,478.3,0.0,184.1,256.2,6.8,31.3,-0.100
2026-08-12T12:44:46,B,lstm-c3M-s0@cpu80,4,OK,rnn-v1-n200-w8,80,80000000,0,model: cell=LSTM V=4096 D=128 H=371 L=3  (mapped 15.6 MB),0.54,7604,34.3,34.3,200,95.84,2.09,478.3,0.0,184.1,256.2,6.8,31.3,-0.100
2026-08-12T12:46:27,B,lstm-c3M-s0@cpu80,5,OK,rnn-v1-n200-w8,80,80000000,0,model: cell=LSTM V=4096 D=128 H=371 L=3  (mapped 15.6 MB),0.54,7604,34.3,34.3,200,95.84,2.09,478.3,0.0,184.1,256.2,6.8,31.3,-0.100
